block,applied_at_unix_ms,changes,credits,inserts,updates,deletes,noop_deletes,touched_cells,store_ms,fold_ms,patch_ms,apply_ms,lock_wait_ms,delta_bytes,answers_since_prev_block,answer_compute_ms_since_prev_block,feed_fetch_ms,finalized_block
25892624,1788389694060,447,16,104,357,2,0,5317,1.132,0.301,5.596,7.124,0.000,15677,,,282.346,25892655
25892625,1788389694926,276,16,17,265,10,0,2614,0.758,0.158,2.541,3.488,0.001,7808,0,0.000,441.929,25892655
25892626,1788389695635,282,16,14,278,6,0,2547,0.813,0.161,2.475,3.481,0.001,7611,0,0.000,654.896,25892655
25892627,1788389696277,284,16,20,276,4,0,2803,0.887,0.172,2.563,3.664,0.000,8285,0,0.000,362.993,25892655
25892628,1788389696894,706,16,16,701,5,0,4818,1.658,0.341,5.986,8.046,0.001,15594,0,0.000,309.438,25892655
25892629,1788389697501,310,16,42,277,7,0,3326,0.798,0.198,3.286,4.315,0.001,9898,0,0.000,347.442,25892655
25892630,1788389698118,273,16,11,275,3,0,2462,0.696,0.158,2.404,3.288,0.001,7328,0,0.000,289.247,25892655
25892631,1788389698830,632,16,49,592,7,0,5015,1.724,0.347,5.469,7.613,0.001,15569,0,0.000,287.744,25892655
25892632,1788389699356,421,16,30,402,5,0,3770,1.023,0.240,3.889,5.204,0.001,11148,0,0.000,258.208,25892655
25892633,1788389700125,300,16,20,290,6,0,2678,1.017,0.171,2.930,4.144,0.001,7999,0,0.000,323.928,25892655
25892634,1788389700621,530,16,90,449,7,0,5436,1.260,0.326,4.814,6.472,0.001,16133,0,0.000,302.888,25892655
25892635,1788389701121,748,16,22,738,4,0,5203,1.898,0.365,5.651,7.979,0.000,16694,0,0.000,286.431,25892655
25892636,1788389701482,94,16,7,100,3,0,925,0.282,0.076,3.450,3.823,0.001,2762,0,0.000,135.733,25892655
25892637,1788389701962,297,16,36,275,2,0,3043,0.753,0.185,2.830,3.807,0.001,9047,0,0.000,350.352,25892655
25892638,1788389702582,390,16,15,382,9,0,3172,1.146,0.211,3.329,4.733,0.000,9534,0,0.000,259.198,25892655
25892639,1788389703422,995,16,62,945,4,0,7992,2.366,0.528,8.204,11.268,0.001,24878,0,0.000,372.637,25892655
25892640,1788389704066,382,16,18,373,7,0,3135,1.050,0.220,3.290,4.603,0.001,9437,0,0.000,297.532,25892655
25892641,1788389704943,249,16,23,237,5,0,2748,0.647,0.171,2.659,3.522,0.000,8138,0,0.000,300.732,25892655
25892642,1788389705353,672,16,21,656,11,0,5242,1.593,0.346,6.556,8.566,0.001,16056,0,0.000,342.722,25892655
25892643,1788389706086,177,16,11,177,5,0,1745,0.474,0.113,1.806,2.418,0.001,5177,0,0.000,397.061,25892655
25892644,1788389706678,628,16,92,548,4,0,6107,1.513,0.368,5.675,7.650,0.001,18181,0,0.000,288.373,25892655
25892645,1788389707280,292,16,21,277,10,0,2556,0.795,0.180,2.705,3.711,0.001,7647,0,0.000,184.618,25892655
25892646,1788389707969,755,16,25,733,13,0,5754,1.747,0.378,6.137,8.375,0.001,17892,0,0.000,366.893,25892655
25892647,1788389708427,256,16,21,248,3,0,2456,0.716,0.158,2.328,3.245,0.000,7287,0,0.000,259.038,25892655
25892648,1788389708944,231,16,25,219,3,0,2401,0.628,0.154,2.568,3.384,0.001,7131,0,0.000,279.420,25892655
25892649,1788389709700,385,16,29,364,8,0,3409,1.008,0.226,3.536,4.804,0.001,10131,0,0.000,324.190,25892655
25892650,1788389710370,730,16,11,725,10,0,5012,1.744,0.352,5.676,7.847,0.001,16177,0,0.000,295.686,25892655
25892651,1788389711118,391,16,21,382,4,0,3260,1.051,0.212,3.489,4.791,0.001,9754,0,0.000,329.250,25892655
25892652,1788389711790,286,16,16,280,6,0,2823,0.745,0.177,2.858,3.833,0.001,8437,0,0.000,286.497,25892655
25892653,1788389712424,258,16,16,243,15,0,2458,0.753,0.160,2.462,3.403,0.001,7370,0,0.000,292.530,25892655
25892654,1788389713171,615,16,95,529,7,0,6077,1.551,0.370,5.701,7.720,0.001,18168,0,0.000,312.410,25892655
25892655,1788389714110,542,16,13,534,11,0,3932,1.300,0.279,4.357,6.017,0.001,12383,0,0.000,299.609,25892655
25892656,1788389986517,123,16,13,122,4,0,1264,0.398,0.086,1.268,1.760,0.001,3742,20,12214.088,120.854,25892687
25892657,1788389986819,171,16,8,178,1,0,1566,0.474,0.105,1.619,2.207,0.001,4664,0,0.000,296.417,25892687
25892658,1788389987192,582,16,43,548,7,0,5220,1.543,0.335,4.862,6.797,0.001,15505,0,0.000,363.654,25892687
25892659,1788389987462,400,16,29,378,9,0,3596,0.961,0.220,3.324,4.541,0.001,10712,0,0.000,262.863,25892687
25892660,1788389987754,705,16,22,688,11,0,4903,1.720,0.350,5.277,7.398,0.001,15809,0,0.000,281.629,25892687
25892661,1788389988072,329,16,26,308,11,0,3128,0.884,0.194,2.863,3.972,0.001,9327,0,0.000,311.518,25892687
25892662,1788389988417,285,16,13,278,10,0,2640,0.704,0.164,2.540,3.443,0.001,7866,0,0.000,339.738,25892687
25892663,1788389988998,350,16,11,341,14,0,2828,0.865,0.185,2.958,4.036,0.001,8386,0,0.000,574.282,25892687
25892664,1788389989290,550,16,83,472,11,0,5364,1.363,0.316,4.803,6.532,0.001,15826,0,0.000,282.778,25892687
25892665,1788389989586,308,16,29,281,14,0,2889,0.809,0.197,2.734,3.767,0.001,8600,0,0.000,289.506,25892687
25892666,1788389989899,333,16,14,320,15,0,3053,0.904,0.189,3.124,4.246,0.001,9048,0,0.000,306.951,25892687
25892667,1788389990166,289,16,31,265,9,0,2989,0.839,0.184,2.608,3.660,0.000,8804,0,0.000,260.266,25892687
25892668,1788389990418,210,16,16,200,10,0,2185,0.661,0.145,2.024,2.845,0.001,6502,0,0.000,246.487,25892687
25892669,1788389990678,250,16,19,243,4,0,2331,0.683,0.148,2.139,2.987,0.001,6977,0,0.000,254.776,25892687
25892670,1788389990897,225,16,11,223,7,0,2056,0.624,0.135,2.170,2.949,0.001,6141,0,0.000,213.473,25892687
25892671,1788389991366,341,16,35,314,8,0,3399,0.936,0.204,3.085,4.251,0.000,10138,0,0.000,340.963,25892687
25892672,1788389991660,263,16,21,252,6,0,2515,0.670,0.161,2.451,3.302,0.001,7498,0,0.000,288.317,25892687
25892673,1788389992227,250,16,29,230,7,0,2519,0.706,0.160,2.299,3.183,0.001,7453,0,0.000,561.287,25892687
25892674,1788389992433,411,16,88,331,8,0,4625,0.967,0.252,3.564,4.832,0.001,13729,0,0.000,198.842,25892687
25892675,1788389992646,238,16,11,238,5,0,2188,0.607,0.141,2.187,2.952,0.001,6540,0,0.000,207.692,25892687
25892676,1788389992977,894,16,25,872,13,0,6567,2.280,0.435,6.768,9.550,0.001,20739,0,0.000,319.114,25892687
25892677,1788389993317,223,16,9,226,4,0,2003,0.603,0.133,2.029,2.780,0.001,5980,0,0.000,334.144,25892687
25892678,1788389993598,212,16,21,203,4,0,2075,0.573,0.134,1.995,2.714,0.001,6184,0,0.000,276.059,25892687
25892679,1788389993945,498,16,24,480,10,0,4085,1.200,0.272,4.074,5.601,0.001,12397,0,0.000,338.529,25892687
25892680,1788389994230,187,16,10,184,8,1,1797,0.509,0.119,1.795,2.434,0.001,5397,0,0.000,279.230,25892687
25892681,1788389994563,486,16,18,482,2,0,3824,1.264,0.255,4.048,5.595,0.001,11334,0,0.000,325.815,25892687
25892682,1788389994892,329,16,20,323,2,0,2873,0.924,0.179,2.922,4.044,0.001,8481,0,0.000,321.908,25892687
25892683,1788389995265,869,16,19,860,6,0,6084,2.165,0.422,6.516,9.181,0.001,19277,0,0.000,361.819,25892687
25892684,1788389995612,505,16,91,421,9,0,5465,1.168,0.319,4.508,6.032,0.001,16236,0,0.000,337.226,25892687
25892685,1788389995890,236,16,28,219,5,0,2426,0.616,0.159,2.222,3.009,0.001,7211,0,0.000,272.259,25892687
25892686,1788389996202,531,16,21,515,11,0,4616,1.343,0.297,4.404,6.106,0.001,13692,0,0.000,303.771,25892687
25892687,1788389996338,125,16,6,128,7,0,1279,0.369,0.085,1.329,1.791,0.000,3766,0,0.000,131.827,25892687
25892688,1788390365541,126,16,9,129,4,0,1188,0.359,0.089,1.333,1.790,0.001,3588,0,0.000,157.018,25892719
25892689,1788390365979,599,16,46,560,9,0,5274,1.415,0.325,4.829,6.643,0.000,15699,0,0.000,428.390,25892719
25892690,1788390366240,291,16,20,275,12,0,3005,0.795,0.190,2.788,3.791,0.001,8894,0,0.000,254.753,25892719
25892691,1788390366561,227,16,13,216,14,0,2344,0.712,0.160,2.179,3.067,0.001,6914,0,0.000,315.635,25892719
25892692,1788390366912,692,16,14,688,6,0,4790,1.621,0.336,5.601,7.612,0.001,15500,0,0.000,340.945,25892719
25892693,1788390367140,222,16,14,219,5,0,2086,0.559,0.189,2.227,2.994,0.001,6189,0,0.000,222.421,25892719
25892694,1788390367613,346,16,30,327,5,0,3313,1.007,0.203,3.134,4.377,0.001,9938,0,0.000,466.665,25892719
25892695,1788390367934,486,16,100,390,12,0,5199,1.136,0.297,4.481,5.950,0.001,15435,0,0.000,312.425,25892719
25892696,1788390368214,314,16,11,306,13,0,2573,0.849,0.173,2.708,3.751,0.001,7681,0,0.000,273.020,25892719
25892697,1788390368440,308,16,15,297,12,0,2941,0.825,0.191,2.913,3.953,0.001,8729,0,0.000,219.610,25892719
25892698,1788390368713,216,16,20,207,5,0,2121,0.584,0.137,2.128,2.865,0.001,6371,0,0.000,268.177,25892719
25892699,1788390369054,332,16,38,303,7,0,3405,0.842,0.205,3.100,4.171,0.001,10045,0,0.000,333.872,25892719
25892700,1788390369387,253,16,23,224,22,0,2760,0.653,0.167,2.589,3.447,0.001,8202,0,0.000,326.699,25892719
25892701,1788390369680,136,16,16,131,5,0,1345,0.445,0.099,1.506,2.065,0.001,4019,0,0.000,150.692,25892719
25892702,1788390370376,356,16,27,335,10,0,3412,0.945,0.210,3.077,4.263,0.001,10120,0,0.000,688.382,25892719
25892703,1788390370729,280,16,11,277,8,0,2576,0.820,0.177,2.624,3.643,0.001,7734,0,0.000,346.859,25892719
25892704,1788390371154,520,16,113,415,8,0,5928,1.402,0.332,4.832,6.620,0.001,17356,0,0.000,415.933,25892719
25892705,1788390371503,289,16,14,277,14,0,2720,0.769,0.191,2.608,3.588,0.001,8179,0,0.000,343.133,25892719
25892706,1788390371833,815,16,25,796,10,0,5904,1.881,0.400,6.438,8.788,0.001,18753,0,0.000,317.664,25892719
25892707,1788390372188,325,16,15,321,5,0,2996,0.885,0.192,3.157,4.261,0.001,8904,0,0.000,348.051,25892719
25892708,1788390372475,257,16,17,251,5,0,2433,0.661,0.153,2.476,3.310,0.000,7263,0,0.000,281.602,25892719
25892709,1788390372827,210,16,14,203,9,0,2111,0.583,0.142,2.062,2.806,0.001,6285,0,0.000,346.602,25892719
25892710,1788390373138,551,16,14,545,8,0,3874,1.325,0.273,4.318,5.953,0.001,11928,0,0.000,302.426,25892719
25892711,1788390373425,361,16,28,342,7,0,3407,0.969,0.212,3.242,4.450,0.001,10104,0,0.000,280.111,25892719
25892712,1788390373778,213,16,9,208,12,0,2062,0.609,0.135,2.127,2.887,0.001,6105,0,0.000,346.944,25892719
25892713,1788390374109,334,16,23,319,8,0,3045,0.840,0.195,3.098,4.163,0.001,9115,0,0.000,324.882,25892719
25892714,1788390374400,940,16,81,864,11,0,8311,2.271,0.540,7.946,10.847,0.001,25696,0,0.000,276.621,25892719
25892715,1788390374684,249,16,29,217,19,0,2703,0.639,0.163,2.425,3.248,0.001,8007,0,0.000,278.198,25892719
25892716,1788390374973,402,16,24,383,11,0,3601,1.065,0.233,3.703,5.037,0.001,10798,0,0.000,281.265,25892719
25892717,1788390375393,159,16,12,163,0,0,1537,0.490,0.110,1.674,2.285,0.001,4629,0,0.000,415.266,25892719
25892718,1788390375754,747,16,27,732,4,0,5242,1.860,0.365,5.792,8.069,0.001,16810,0,0.000,350.828,25892719
25892719,1788390376173,439,16,23,414,18,0,3627,1.100,0.241,3.879,5.262,0.000,10857,0,0.000,410.305,25892719
25892720,1788390754181,504,16,15,486,19,0,4523,1.391,0.275,4.446,6.206,0.000,13385,77,46945.136,410.082,25892751
25892721,1788390754459,294,16,13,290,7,0,2505,0.775,0.170,2.560,3.532,0.001,7506,0,0.000,271.887,25892751
25892722,1788390754750,171,16,11,171,5,0,1640,0.460,0.110,1.624,2.204,0.000,4939,0,0.000,286.315,25892751
25892723,1788390755135,228,16,23,218,3,0,2274,0.622,0.139,2.142,2.919,0.001,6759,0,0.000,379.100,25892751
25892724,1788390755852,759,16,112,659,4,0,7659,1.891,0.450,6.507,9.004,0.000,22743,1,611.520,705.501,25892751
25892725,1788390756090,231,16,12,223,12,0,2228,0.653,0.149,2.214,3.036,0.001,6677,0,0.000,232.430,25892751
25892726,1788390756455,414,16,15,400,15,0,3879,1.104,0.244,3.822,5.240,0.001,11561,0,0.000,356.847,25892751
25892727,1788390756703,269,16,16,264,5,0,2585,0.698,0.165,2.480,3.384,0.001,7702,0,0.000,242.073,25892751
25892728,1788390756972,233,16,11,233,5,0,2085,0.595,0.131,2.144,2.895,0.001,6209,0,0.000,264.083,25892751
25892729,1788390757278,347,16,32,324,7,0,3371,0.864,0.204,3.014,4.113,0.001,10063,0,0.000,299.234,25892751
25892730,1788390757466,169,16,17,162,6,0,1805,0.537,0.111,1.802,2.463,0.001,5353,0,0.000,183.340,25892751
25892731,1788390758062,261,16,13,254,10,0,2455,0.707,0.166,2.544,3.435,0.001,7319,0,0.000,406.273,25892751
25892732,1788390758343,253,16,17,240,12,0,2680,0.796,0.170,2.437,3.418,0.000,7925,0,0.000,274.935,25892751
25892733,1788390759163,805,16,26,792,3,0,5798,1.879,0.404,6.615,9.110,0.000,18500,1,611.740,809.259,25892751
25892734,1788390759446,619,16,135,496,4,0,7260,1.446,0.403,5.904,7.886,0.001,21433,0,0.000,271.893,25892751
25892735,1788390759710,152,16,11,153,4,0,1572,0.432,0.109,1.638,2.193,0.001,4696,0,0.000,259.142,25892751
25892736,1788390760075,208,16,10,214,0,0,2007,0.548,0.135,1.958,2.664,0.001,5918,0,0.000,360.497,25892751
25892737,1788390760317,402,16,9,402,7,0,2961,1.043,0.208,3.445,4.724,0.001,8916,0,0.000,234.860,25892751
25892738,1788390760891,479,16,59,430,6,0,4605,1.170,0.281,4.376,5.873,0.001,13807,0,0.000,565.589,25892751
25892739,1788390761233,320,16,24,308,4,0,3009,0.882,0.187,3.338,4.436,0.000,8942,0,0.000,335.308,25892751
25892740,1788390761535,278,16,41,242,11,0,2890,0.700,0.184,2.567,3.481,0.001,8611,0,0.000,296.224,25892751
25892741,1788390762338,276,16,13,270,9,0,2456,0.693,0.160,2.399,3.281,0.001,7306,1,613.210,798.313,25892751
25892742,1788390762601,194,16,18,186,6,0,2026,0.547,0.135,2.094,2.793,0.001,6016,0,0.000,257.165,25892751
25892743,1788390762780,70,16,4,74,8,0,770,0.246,0.059,2.862,3.178,0.001,2280,0,0.000,173.823,25892751
25892744,1788390763503,403,16,24,391,4,0,3867,1.013,0.239,3.539,4.844,0.001,11562,0,0.000,715.866,25892751
25892745,1788390763830,407,16,85,326,12,0,4707,1.121,0.259,3.751,5.171,0.000,14056,0,0.000,319.460,25892751
25892746,1788390764109,213,16,14,209,6,0,1971,0.591,0.129,1.894,2.626,0.001,5866,0,0.000,274.093,25892751
25892747,1788390764449,265,16,22,258,1,0,2552,0.683,0.160,2.563,3.442,0.000,7605,0,0.000,334.938,25892751
25892748,1788390764778,400,16,43,363,10,0,4247,1.033,0.253,3.941,5.269,0.000,12593,0,0.000,321.086,25892751
25892749,1788390765620,413,16,31,390,8,0,3678,1.019,0.237,3.567,4.902,0.000,11019,1,611.337,833.860,25892751
25892750,1788390765876,258,16,6,255,13,0,2338,0.665,0.152,2.414,3.264,0.001,6930,0,0.000,250.785,25892751
25892751,1788390766462,794,16,22,780,8,0,5643,1.822,0.393,6.660,8.989,0.001,17973,0,0.000,574.075,25892751
25892752,1788391141619,224,16,14,219,7,0,2170,0.634,0.136,2.208,2.992,0.001,6476,19,11587.422,236.951,25892783
25892753,1788391141952,251,16,24,235,8,0,2556,0.654,0.167,2.506,3.362,0.001,7543,0,0.000,327.558,25892783
25892754,1788391142302,654,16,112,551,7,0,6749,1.642,0.387,5.892,7.979,0.001,19769,0,0.000,339.550,25892783
25892755,1788391142628,501,16,57,449,11,0,4776,1.238,0.293,4.622,6.195,0.001,14085,0,0.000,317.628,25892783
25892756,1788391142881,359,16,30,338,7,0,3373,0.892,0.223,3.297,4.458,0.001,10006,0,0.000,245.216,25892783
25892757,1788391143185,789,16,17,781,7,0,5526,2.000,0.378,6.534,8.979,0.001,17705,0,0.000,292.575,25892783
25892758,1788391143479,474,16,23,459,8,0,4395,1.145,0.278,3.908,5.387,0.001,12984,0,0.000,286.614,25892783
25892759,1788391143760,275,16,19,265,7,0,2690,0.707,0.177,2.750,3.654,0.001,7965,0,0.000,275.305,25892783
25892760,1788391144086,924,16,27,909,4,0,6569,2.112,0.450,7.347,9.971,0.001,20712,0,0.000,313.769,25892783
25892761,1788391144586,408,16,21,396,7,0,3493,1.018,0.227,3.561,4.839,0.001,10414,0,0.000,276.746,25892783
25892762,1788391144820,315,16,8,309,14,0,2699,0.882,0.179,2.680,3.766,0.001,8063,0,0.000,228.318,25892783
25892763,1788391145081,498,16,15,488,11,0,3778,1.208,0.260,3.928,5.436,0.001,11570,0,0.000,254.032,25892783
25892764,1788391145636,253,16,35,225,9,0,2647,0.685,0.164,2.522,3.385,0.001,7877,0,0.000,549.285,25892783
25892765,1788391145961,552,16,88,461,19,0,5655,1.310,0.328,4.887,6.565,0.001,16792,0,0.000,315.604,25892783
25892766,1788391146283,513,16,27,477,24,1,4319,1.291,0.278,4.049,5.666,0.001,12868,0,0.000,313.689,25892783
25892767,1788391146561,303,16,27,281,11,0,3057,0.839,0.187,2.922,3.979,0.001,9112,0,0.000,271.494,25892783
25892768,1788391146913,302,16,17,291,10,0,2990,0.765,0.184,2.838,3.809,0.001,8870,0,0.000,345.939,25892783
25892769,1788391147219,862,16,22,844,12,0,6166,2.171,0.417,6.593,9.251,0.001,19548,0,0.000,294.064,25892783
25892770,1788391147631,235,16,15,227,8,1,2260,0.612,0.143,2.284,3.052,0.001,6756,0,0.000,407.470,25892783
25892771,1788391147836,240,16,14,233,9,0,2250,0.694,0.151,2.495,3.356,0.001,6656,0,0.000,199.051,25892783
25892772,1788391147995,283,16,5,292,2,0,2122,0.711,0.158,2.347,3.240,0.001,6379,0,0.000,153.945,25892783
25892773,1788391148406,271,16,16,263,7,1,2623,0.699,0.163,2.525,3.415,0.001,7810,0,0.000,405.910,25892783
25892774,1788391148848,951,16,124,835,8,0,9164,2.217,0.574,8.606,11.560,0.001,27384,0,0.000,427.810,25892783
25892775,1788391148984,97,16,10,93,10,0,1032,0.300,0.076,1.144,1.528,0.000,3098,0,0.000,132.469,25892783
25892776,1788391149156,67,16,2,78,3,0,662,0.238,0.057,4.467,4.767,0.001,1987,0,0.000,164.858,25892783
25892777,1788391149659,579,16,33,538,23,1,5427,1.698,0.330,5.039,7.122,0.001,16144,0,0.000,494.547,25892783
25892778,1788391149844,344,16,9,327,24,0,2980,0.927,0.192,3.012,4.158,0.001,8887,0,0.000,178.071,25892783
25892779,1788391150026,227,16,22,212,9,0,2436,0.668,0.157,2.284,3.126,0.001,7200,0,0.000,176.773,25892783
25892780,1788391150330,257,16,15,246,12,0,2465,0.677,0.155,2.459,3.310,0.001,7334,0,0.000,298.576,25892783
25892781,1788391150535,255,16,8,219,44,0,2627,0.767,0.163,2.305,3.274,0.000,7863,0,0.000,199.076,25892783
25892782,1788391151258,345,16,15,331,15,0,3320,0.878,0.204,3.245,4.353,0.001,9882,0,0.000,717.042,25892783
25892783,1788391151549,342,16,29,312,17,0,3502,0.898,0.217,3.289,4.426,0.001,10360,0,0.000,283.832,25892783
25892784,1788391520443,497,16,114,363,36,0,6304,1.163,0.339,4.808,6.360,0.001,18476,0,0.000,458.483,25892815
25892785,1788391520867,336,16,14,288,49,1,3432,0.852,0.214,3.155,4.266,0.001,10264,0,0.000,417.189,25892815
25892786,1788391521275,74,16,2,84,3,1,677,0.238,0.059,4.800,5.103,0.001,2042,0,0.000,400.763,25892815
25892787,1788391521946,96,16,2,110,0,0,895,0.304,0.069,1.167,1.547,0.001,2699,0,0.000,667.779,25892815
25892788,1788391522380,561,16,31,476,70,0,5634,1.574,0.334,4.962,6.928,0.001,16835,0,0.000,425.028,25892815
25892789,1788391522829,328,16,18,316,10,0,3275,0.842,0.204,3.100,4.187,0.001,9712,0,0.000,441.835,25892815
25892790,1788391523210,261,16,35,236,6,0,2704,0.694,0.178,2.527,3.424,0.001,8054,0,0.000,374.773,25892815
25892791,1788391523812,380,16,19,364,13,0,3546,0.993,0.218,3.428,4.662,0.001,10570,0,0.000,447.331,25892815
25892792,1788391524059,253,16,9,246,14,0,2616,0.665,0.167,2.556,3.415,0.001,7782,0,0.000,241.230,25892815
25892793,1788391524373,240,16,17,232,7,0,2347,0.662,0.154,2.407,3.236,0.001,6988,0,0.000,308.501,25892815
25892794,1788391524713,449,16,117,344,4,0,5350,1.105,0.305,4.341,5.786,0.001,15714,0,0.000,332.454,25892815
25892795,1788391525153,221,16,9,218,10,0,2052,0.612,0.135,2.190,2.952,0.001,6136,0,0.000,434.264,25892815
25892796,1788391525573,319,16,14,314,7,0,2954,0.857,0.190,2.954,4.020,0.001,8739,0,0.000,414.360,25892815
25892797,1788391525902,302,16,23,290,5,0,2795,0.851,0.184,2.709,3.772,0.001,8332,0,0.000,322.752,25892815
25892798,1788391527028,259,16,15,249,11,0,2450,0.671,0.161,2.459,3.315,0.001,7348,0,0.000,1121.024,25892815
25892799,1788391527492,388,16,32,369,3,0,3813,1.103,0.229,3.453,4.818,0.001,11234,0,0.000,456.613,25892815
25892800,1788391527936,156,16,7,133,32,0,1722,0.468,0.121,1.603,2.203,0.001,5116,0,0.000,439.052,25892815
25892801,1788391528320,442,16,18,405,35,0,4149,1.098,0.250,3.805,5.189,0.001,12371,0,0.000,376.984,25892815
25892802,1788391528950,223,16,20,214,5,0,2199,0.617,0.147,2.342,3.131,0.001,6506,0,0.000,624.174,25892815
25892803,1788391529224,832,16,27,814,7,0,6016,2.096,0.408,6.708,9.285,0.001,19009,0,0.000,261.795,25892815
25892804,1788391529523,443,16,106,342,11,0,5076,1.058,0.292,4.284,5.659,0.001,14958,0,0.000,291.452,25892815
25892805,1788391529814,232,16,16,224,8,0,2299,0.649,0.149,2.251,3.067,0.001,6855,0,0.000,285.822,25892815
25892806,1788391530003,80,16,4,87,5,0,784,0.348,0.066,2.928,3.346,0.001,2367,0,0.000,183.595,25892815
25892807,1788391530412,612,16,63,556,9,0,5807,1.578,0.363,5.765,7.768,0.001,17190,0,0.000,399.535,25892815
25892808,1788391530715,321,16,14,314,9,0,2603,0.867,0.178,2.798,3.866,0.001,7773,0,0.000,296.203,25892815
25892809,1788391531277,374,16,44,342,4,0,3805,0.980,0.237,3.579,4.827,0.001,11196,0,0.000,555.230,25892815
25892810,1788391531494,195,16,15,182,14,0,1981,0.546,0.130,1.933,2.627,0.001,5945,0,0.000,211.443,25892815
25892811,1788391531873,366,16,34,338,10,0,3606,0.967,0.229,3.386,4.614,0.001,10761,0,0.000,372.824,25892815
25892812,1788391532142,231,16,28,204,15,0,2379,0.655,0.156,2.202,3.049,0.001,7162,0,0.000,263.529,25892815
25892813,1788391532502,249,16,13,242,10,0,2336,0.659,0.155,2.299,3.134,0.001,7006,0,0.000,354.072,25892815
25892814,1788391532802,453,16,105,356,8,0,5005,1.199,0.284,4.217,5.747,0.001,14847,0,0.000,291.755,25892815
25892815,1788391533083,277,16,21,258,14,0,2752,0.709,0.170,2.609,3.504,0.001,8268,0,0.000,275.359,25892815
25892816,1788391908746,336,16,20,317,15,0,3169,0.861,0.221,2.924,4.031,0.001,9346,0,0.000,420.365,25892847
25892817,1788391909024,312,16,22,295,11,0,3194,0.865,0.196,2.867,3.962,0.001,9395,0,0.000,271.382,25892847
25892818,1788391909350,303,16,27,279,13,0,3079,0.791,0.190,2.752,3.765,0.001,9191,0,0.000,320.132,25892847
25892819,1788391909591,337,16,45,303,5,0,3516,1.059,0.230,3.102,4.420,0.001,10524,0,0.000,234.822,25892847
25892820,1788391909840,359,16,29,336,10,0,3631,1.003,0.215,3.333,4.591,0.001,10729,0,0.000,241.807,25892847
25892821,1788391910259,782,16,30,762,6,0,5717,1.936,0.387,6.313,8.728,0.001,18192,0,0.000,284.775,25892847
25892822,1788391910591,322,16,22,307,9,0,3132,0.910,0.200,2.953,4.100,0.001,9231,0,0.000,325.362,25892847
25892823,1788391911109,232,16,13,233,2,0,2086,0.706,0.134,2.146,3.011,0.001,6208,0,0.000,513.356,25892847
25892824,1788391911409,640,16,111,538,7,0,6472,1.559,0.386,5.698,7.710,0.001,19227,0,0.000,290.001,25892847
25892825,1788391911591,332,16,21,319,8,0,2832,0.840,0.188,2.947,4.004,0.001,8487,0,0.000,175.266,25892847
25892826,1788391911901,386,16,22,372,8,0,3452,0.958,0.223,3.298,4.514,0.001,10309,0,0.000,303.868,25892847
25892827,1788391912129,279,16,18,270,7,0,2602,0.712,0.167,2.986,3.884,0.001,7779,0,0.000,221.547,25892847
25892828,1788391912352,173,16,11,172,6,0,1794,0.475,0.121,1.730,2.339,0.001,5371,0,0.000,219.124,25892847
25892829,1788391912735,830,16,27,815,4,0,5883,1.954,0.407,6.481,8.904,0.001,18737,0,0.000,371.651,25892847
25892830,1788391913038,283,16,16,275,8,0,2594,0.730,0.193,2.470,3.418,0.001,7756,0,0.000,296.091,25892847
25892831,1788391913304,272,16,17,262,9,0,2558,0.807,0.166,2.490,3.485,0.001,7652,0,0.000,261.189,25892847
25892832,1788391913585,451,16,26,433,8,0,3626,1.094,0.239,3.809,5.166,0.001,10999,0,0.000,273.308,25892847
25892833,1788391913852,199,16,5,209,1,0,1408,0.566,0.114,1.734,2.426,0.001,4248,0,0.000,263.016,25892847
25892834,1788391914214,504,16,105,413,2,0,5948,1.396,0.347,4.865,6.657,0.001,17576,0,0.000,352.661,25892847
25892835,1788391914523,877,16,21,863,9,0,5959,2.061,0.428,6.884,9.448,0.001,18952,0,0.000,297.236,25892847
25892836,1788391914722,126,16,4,132,6,0,1197,0.374,0.099,1.320,1.805,0.001,3591,0,0.000,195.425,25892847
25892837,1788391914917,260,16,25,247,4,0,2620,0.664,0.171,2.381,3.240,0.001,7800,0,0.000,189.643,25892847
25892838,1788391915259,481,16,32,456,9,0,4254,1.168,0.277,3.873,5.360,0.001,12635,0,0.000,333.502,25892847
25892839,1788391915522,155,16,8,153,10,0,1554,0.448,0.107,1.567,2.136,0.001,4630,0,0.000,259.302,25892847
25892840,1788391915893,337,16,19,327,6,1,3084,0.953,0.190,3.050,4.217,0.001,9179,0,0.000,364.600,25892847
25892841,1788391916341,166,16,9,165,8,0,1870,0.553,0.124,1.988,2.683,0.001,5523,0,0.000,443.739,25892847
25892842,1788391917076,1263,16,46,1224,9,0,9227,2.866,0.621,9.483,13.167,0.001,28583,0,0.000,719.572,25892847
25892843,1788391917395,257,16,12,255,6,0,2304,0.721,0.160,2.266,3.180,0.001,6797,0,0.000,313.056,25892847
25892844,1788391918059,481,16,103,388,6,0,5286,1.156,0.306,4.455,5.958,0.001,15313,0,0.000,656.830,25892847
25892845,1788391918382,332,16,13,322,13,0,2689,0.851,0.189,2.759,3.843,0.000,8035,0,0.000,316.568,25892847
25892846,1788391918785,265,16,14,257,10,0,2687,0.707,0.174,2.683,3.597,0.001,7990,0,0.000,397.030,25892847
25892847,1788391919170,669,16,25,655,5,0,5119,1.629,0.348,5.400,7.439,0.001,15534,0,0.000,375.681,25892847
25892848,1788392288633,305,16,21,290,10,0,3051,0.848,0.201,2.913,3.985,0.001,9042,0,0.000,327.186,25892879
25892849,1788392288939,306,16,44,268,10,0,3237,0.804,0.202,2.932,3.970,0.001,9640,0,0.000,294.318,25892879
25892850,1788392289218,423,16,57,367,15,0,4147,1.029,0.259,3.718,5.065,0.001,12329,0,0.000,267.426,25892879
25892851,1788392289676,334,16,12,331,7,0,2903,0.894,0.193,2.876,3.991,0.001,8662,0,0.000,332.559,25892879
25892852,1788392289987,261,16,24,248,5,0,2496,0.718,0.167,2.478,3.389,0.001,7446,0,0.000,304.620,25892879
25892853,1788392290313,220,16,14,217,5,0,2046,0.613,0.145,2.040,2.819,0.001,6135,0,0.000,320.884,25892879
25892854,1788392290659,1091,16,139,958,10,0,9577,2.477,0.598,9.160,12.444,0.001,29297,0,0.000,331.694,25892879
25892855,1788392290985,287,16,18,273,12,0,2896,0.769,0.184,2.729,3.699,0.001,8594,0,0.000,320.307,25892879
25892856,1788392291232,268,16,14,262,8,0,2475,0.694,0.160,2.568,3.446,0.001,7332,0,0.000,241.210,25892879
25892857,1788392291479,327,16,9,330,4,0,2617,0.829,0.189,2.668,3.746,0.001,7781,0,0.000,241.111,25892879
25892858,1788392291733,692,16,25,682,1,0,4970,1.625,0.359,5.359,7.445,0.001,15593,0,0.000,243.969,25892879
25892859,1788392292252,373,16,27,349,13,0,3492,0.941,0.226,3.238,4.449,0.001,10394,0,0.000,512.822,25892879
25892860,1788392292486,261,16,12,253,12,0,2384,0.675,0.174,2.329,3.211,0.001,7082,0,0.000,228.886,25892879
25892861,1788392292863,992,16,22,978,8,0,7125,2.310,0.511,7.655,10.600,0.001,22320,0,0.000,364.098,25892879
25892862,1788392293224,344,16,18,337,5,0,2991,0.880,0.194,2.974,4.077,0.001,8948,0,0.000,354.225,25892879
25892863,1788392293559,340,16,34,313,9,0,3452,0.876,0.213,3.190,4.304,0.001,10273,0,0.000,328.175,25892879
25892864,1788392293983,517,16,82,432,19,0,5377,1.248,0.333,4.768,6.391,0.001,15968,0,0.000,415.912,25892879
25892865,1788392294408,432,16,20,412,16,0,3663,1.145,0.243,3.627,5.062,0.001,10918,0,0.000,417.295,25892879
25892866,1788392294555,278,16,12,269,13,0,2427,0.758,0.170,2.489,3.441,0.001,7180,0,0.000,141.341,25892879
25892867,1788392294916,915,16,23,894,14,0,6781,2.151,0.457,7.309,10.002,0.001,21323,0,0.000,349.174,25892879
25892868,1788392295410,374,16,25,353,12,0,3543,0.975,0.224,3.274,4.504,0.001,10548,0,0.000,486.711,25892879
25892869,1788392295722,323,16,29,295,15,0,3221,0.808,0.209,2.934,3.992,0.001,9571,0,0.000,305.755,25892879
25892870,1788392295878,244,16,12,229,19,0,2154,0.638,0.162,2.212,3.044,0.000,6427,0,0.000,150.966,25892879
25892871,1788392296247,241,16,14,237,6,0,2369,0.657,0.154,2.505,3.342,0.001,7037,0,0.000,363.970,25892879
25892872,1788392296604,724,16,22,710,8,0,5270,1.727,0.375,5.796,7.973,0.001,16441,0,0.000,346.808,25892879
25892873,1788392296864,255,16,17,246,8,0,2398,0.717,0.153,2.478,3.369,0.001,7161,0,0.000,253.859,25892879
25892874,1788392297264,541,16,118,433,6,0,6205,1.283,0.356,5.186,6.884,0.000,18288,0,0.000,390.278,25892879
25892875,1788392297541,323,16,21,313,5,0,2882,0.817,0.189,2.800,3.848,0.001,8670,0,0.000,271.780,25892879
25892876,1788392297814,893,16,13,894,2,0,5840,2.091,0.436,6.628,9.254,0.001,18634,0,0.000,261.271,25892879
25892877,1788392298047,207,16,13,204,6,0,1940,0.548,0.152,2.061,2.776,0.001,5773,0,0.000,228.025,25892879
25892878,1788392298173,100,16,6,106,4,0,998,0.320,0.077,0.987,1.391,0.000,2995,0,0.000,122.002,25892879
25892879,1788392298516,457,16,35,431,7,0,4199,1.193,0.282,3.917,5.437,0.000,12456,0,0.000,336.332,25892879
25892880,1788392673456,344,16,11,341,8,0,2706,0.873,0.187,2.830,3.930,0.001,8113,0,0.000,288.833,25892911
25892881,1788392673881,402,16,16,397,5,0,3400,1.156,0.228,3.457,4.876,0.001,10189,0,0.000,278.809,25892911
25892882,1788392674256,798,16,39,772,3,0,6085,1.874,0.410,6.374,8.735,0.001,19127,0,0.000,363.697,25892911
25892883,1788392674494,290,16,19,280,7,0,2671,0.827,0.183,2.639,3.669,0.001,8037,0,0.000,231.584,25892911
25892884,1788392674774,429,16,102,331,12,0,5481,1.235,0.317,4.735,6.341,0.000,16249,0,0.000,270.972,25892911
25892885,1788392675042,374,16,13,362,15,0,3125,0.932,0.210,3.164,4.337,0.001,9352,0,0.000,261.051,25892911
25892886,1788392675423,277,16,8,278,7,0,2527,0.721,0.164,2.515,3.431,0.001,7548,0,0.000,374.876,25892911
25892887,1788392675730,485,16,17,478,6,0,4000,1.205,0.266,4.099,5.622,0.001,11891,0,0.000,299.603,25892911
25892888,1788392675951,146,16,9,148,5,0,1397,0.428,0.102,1.607,2.148,0.001,4178,0,0.000,216.049,25892911
25892889,1788392676549,348,16,48,311,5,0,3600,0.875,0.224,3.319,4.448,0.001,10671,0,0.000,591.593,25892911
25892890,1788392676907,319,16,16,303,16,0,3128,0.840,0.198,3.163,4.231,0.001,9321,0,0.000,351.473,25892911
25892891,1788392677252,787,16,23,766,14,0,5648,1.850,0.397,6.294,8.638,0.001,18018,0,0.000,333.595,25892911
25892892,1788392677555,281,16,28,261,8,0,2720,0.723,0.175,2.634,3.560,0.000,8057,0,0.000,297.021,25892911
25892893,1788392677855,276,16,22,268,2,0,2629,0.829,0.167,2.705,3.729,0.001,7832,0,0.000,293.951,25892911
25892894,1788392678280,1090,16,88,1010,8,0,8878,2.519,0.585,9.117,12.415,0.001,27569,0,0.000,410.700,25892911
25892895,1788392678584,354,16,15,340,15,0,2952,0.893,0.203,3.023,4.155,0.001,8824,0,0.000,297.874,25892911
25892896,1788392678760,261,16,8,262,7,0,2172,0.694,0.163,2.470,3.353,0.001,6446,0,0.000,169.977,25892911
25892897,1788392678959,215,16,9,214,8,0,1644,0.673,0.131,1.916,2.734,0.001,4980,0,0.000,194.520,25892911
25892898,1788392679360,459,16,27,444,4,0,3988,1.287,0.259,3.914,5.517,0.001,11931,0,0.000,393.534,25892911
25892899,1788392679618,380,16,23,363,10,0,3286,0.961,0.218,3.192,4.415,0.001,9815,0,0.000,251.742,25892911
25892900,1788392679898,303,16,16,297,6,0,2951,0.781,0.196,2.928,3.950,0.001,8792,0,0.000,272.887,25892911
25892901,1788392680179,281,16,11,281,5,0,2617,0.739,0.170,2.852,3.797,0.000,7713,0,0.000,275.407,25892911
25892902,1788392680621,94,16,5,101,4,0,885,0.344,0.072,2.766,3.191,0.001,2648,0,0.000,435.810,25892911
25892903,1788392681164,391,16,20,384,3,0,3532,1.090,0.234,3.546,4.923,0.001,10511,0,0.000,536.679,25892911
25892904,1788392681488,658,16,115,550,9,0,7231,1.671,0.401,6.120,8.274,0.001,21562,0,0.000,313.428,25892911
25892905,1788392681700,206,16,41,170,11,0,2370,0.606,0.151,2.186,2.959,0.001,7004,0,0.000,206.620,25892911
25892906,1788392682011,207,16,15,201,7,0,2055,0.550,0.143,1.938,2.659,0.001,6074,0,0.000,306.414,25892911
25892907,1788392682428,385,16,37,355,8,1,3896,1.100,0.241,3.702,5.074,0.001,11583,0,0.000,410.263,25892911
25892908,1788392682764,315,16,28,301,2,0,3048,0.836,0.193,3.186,4.258,0.001,9087,0,0.000,329.781,25892911
25892909,1788392683043,781,16,24,742,30,1,5910,1.930,0.411,6.408,8.853,0.001,18722,0,0.000,267.749,25892911
25892910,1788392683291,313,16,28,287,14,0,3103,0.839,0.208,3.201,4.375,0.000,9270,0,0.000,241.722,25892911
25892911,1788392683685,276,16,24,263,4,1,2820,0.755,0.186,2.784,3.751,0.001,8487,0,0.000,270.488,25892911
25892912,1788393058827,469,16,30,445,10,0,4238,1.219,0.284,4.097,5.650,0.001,12627,0,0.000,400.788,25892943
25892913,1788393059163,462,16,24,440,14,0,4052,1.220,0.263,4.012,5.538,0.001,12092,0,0.000,321.428,25892943
25892914,1788393059437,444,16,79,369,12,0,4543,1.084,0.279,3.902,5.309,0.001,13702,0,0.000,264.785,25892943
25892915,1788393059689,191,16,25,174,8,0,2007,0.550,0.136,1.989,2.690,0.000,5954,0,0.000,245.068,25892943
25892916,1788393059785,0,16,0,16,0,0,44,0.055,0.011,0.336,0.403,0.000,145,0,0.000,92.419,25892943
25892917,1788393060062,153,16,12,155,2,0,1474,0.445,0.102,1.659,2.217,0.001,4433,0,0.000,273.235,25892943
25892918,1788393060436,371,16,30,354,2,1,3678,1.014,0.231,3.428,4.705,0.001,10888,0,0.000,367.360,25892943
25892919,1788393060827,368,16,32,328,24,0,3799,1.002,0.234,3.375,4.644,0.001,11359,0,0.000,384.731,25892943
25892920,1788393061240,318,16,55,275,4,0,3544,0.831,0.218,3.272,4.363,0.001,10559,0,0.000,406.570,25892943
25892921,1788393061719,512,16,37,467,24,0,5042,1.269,0.304,4.633,6.268,0.001,15006,0,0.000,470.094,25892943
25892922,1788393062216,823,16,27,800,12,0,5998,2.035,0.407,6.717,9.264,0.001,18960,0,0.000,484.821,25892943
25892923,1788393062457,231,16,11,233,3,0,2117,0.674,0.139,2.199,3.033,0.001,6310,0,0.000,235.870,25892943
25892924,1788393062790,289,16,35,262,8,0,2895,0.759,0.197,2.829,3.811,0.001,8558,0,0.000,327.363,25892943
25892925,1788393063170,677,16,142,541,10,0,7527,1.626,0.449,6.317,8.479,0.001,22138,0,0.000,368.828,25892943
25892926,1788393063523,542,16,19,526,13,0,4420,1.330,0.297,4.526,6.212,0.001,13182,0,0.000,343.630,25892943
25892927,1788393063948,335,16,20,326,5,0,2945,0.859,0.200,3.131,4.231,0.001,8747,0,0.000,417.969,25892943
25892928,1788393064261,815,16,93,732,6,0,6872,1.942,0.447,6.692,9.179,0.001,21461,0,0.000,301.504,25892943
25892929,1788393064607,410,16,33,382,11,0,4047,1.036,0.254,3.671,5.000,0.000,11935,0,0.000,338.979,25892943
25892930,1788393064971,294,16,21,276,13,0,2868,0.868,0.188,2.771,3.860,0.001,8551,0,0.000,357.841,25892943
25892931,1788393065257,351,16,25,334,8,0,3081,0.913,0.211,3.072,4.233,0.001,9215,0,0.000,279.389,25892943
25892932,1788393065587,938,16,34,888,32,0,7037,2.299,0.481,7.624,10.520,0.000,21995,0,0.000,317.172,25892943
25892933,1788393065732,239,16,12,236,7,0,2102,0.682,0.157,2.322,3.180,0.001,6250,0,0.000,138.600,25892943
25892934,1788393066085,482,16,87,406,5,0,5511,1.213,0.320,4.711,6.305,0.000,16342,0,0.000,345.510,25892943
25892935,1788393066323,397,16,39,366,8,0,3540,1.027,0.245,3.647,4.970,0.001,10525,0,0.000,229.981,25892943
25892936,1788393066707,582,16,21,568,9,0,4717,1.413,0.308,4.905,6.686,0.001,14017,0,0.000,375.003,25892943
25892937,1788393067052,810,16,16,803,7,0,5500,1.951,0.399,6.411,8.843,0.001,17610,0,0.000,333.862,25892943
25892938,1788393067374,266,16,14,248,20,0,2620,0.722,0.167,2.522,3.435,0.001,7797,0,0.000,316.032,25892943
25892939,1788393068046,267,16,12,264,7,0,2427,0.736,0.171,2.597,3.523,0.001,7339,0,0.000,666.675,25892943
25892940,1788393068344,528,16,13,523,8,0,3952,1.374,0.284,4.389,6.098,0.001,12147,0,0.000,289.362,25892943
25892941,1788393068849,319,16,12,320,3,0,2557,0.835,0.188,2.901,3.954,0.000,7611,0,0.000,246.288,25892943
25892942,1788393069204,796,16,26,777,9,0,5420,1.916,0.386,6.235,8.631,0.001,17370,0,0.000,342.642,25892943
25892943,1788393069619,258,16,9,246,19,0,2312,0.693,0.159,2.355,3.228,0.001,6888,0,0.000,409.955,25892943
25892944,1788393444573,494,16,114,390,6,0,6092,1.190,0.342,5.111,6.736,0.001,18002,0,0.000,259.874,25892974
25892945,1788393445025,471,16,21,459,7,0,4055,1.227,0.274,4.128,5.720,0.001,12040,0,0.000,443.580,25892974
25892946,1788393446719,385,16,22,371,8,0,3654,1.066,0.271,3.830,5.193,0.001,10821,0,0.000,1686.293,25892974
25892947,1788393447003,164,16,5,173,2,0,1563,0.508,0.110,1.737,2.368,0.001,4727,0,0.000,279.823,25892974
25892948,1788393447392,798,16,19,781,14,0,6116,1.875,0.402,6.562,8.951,0.000,18924,0,0.000,377.180,25892974
25892949,1788393447563,188,16,12,185,7,0,1758,0.541,0.123,1.909,2.588,0.001,5248,0,0.000,166.287,25892974
25892950,1788393447743,188,16,7,191,6,0,1708,0.559,0.115,1.705,2.397,0.001,5079,0,0.000,175.157,25892974
25892951,1788393448205,568,16,59,520,5,0,5653,1.447,0.337,5.020,6.879,0.001,16757,0,0.000,452.960,25892974
25892952,1788393448469,839,16,15,835,5,0,5540,1.978,0.400,6.448,8.947,0.001,17755,0,0.000,252.831,25892974
25892953,1788393448661,154,16,8,159,3,0,1448,0.458,0.104,1.513,2.085,0.001,4323,0,0.000,188.052,25892974
25892954,1788393449024,596,16,102,507,3,0,6561,1.427,0.375,5.819,7.720,0.001,19278,0,0.000,352.556,25892974
25892955,1788393449475,661,16,22,642,13,0,5111,1.646,0.341,5.371,7.473,0.001,15999,0,0.000,440.522,25892974
25892956,1788393449808,561,16,29,540,8,0,4563,1.507,0.306,4.717,6.583,0.001,13614,0,0.000,324.588,25892974
25892957,1788393450159,333,16,24,318,7,0,3132,0.844,0.233,2.970,4.081,0.001,9309,0,0.000,345.087,25892974
25892958,1788393450448,910,16,22,899,5,0,6330,2.124,0.439,7.017,9.684,0.001,20011,0,0.000,276.863,25892974
25892959,1788393450800,316,16,29,294,9,0,2910,0.818,0.194,2.829,3.866,0.000,8731,0,0.000,345.086,25892974
25892960,1788393450966,147,16,12,143,8,0,1626,0.440,0.114,1.570,2.135,0.001,4845,0,0.000,162.721,25892974
25892961,1788393451270,223,16,14,222,3,0,2200,0.631,0.149,2.245,3.044,0.001,6544,0,0.000,298.329,25892974
25892962,1788393451657,532,16,16,521,11,0,4212,1.313,0.292,4.554,6.215,0.001,12614,0,0.000,379.273,25892974
25892963,1788393451934,427,16,102,282,59,0,5574,1.009,0.300,4.341,5.696,0.001,16169,0,0.000,268.148,25892974
25892964,1788393452279,495,16,32,414,65,0,5033,1.216,0.301,4.302,5.885,0.001,14813,0,0.000,337.204,25892974
25892965,1788393452706,474,16,55,411,24,0,5046,1.163,0.303,4.281,5.803,0.001,14867,0,0.000,419.248,25892974
25892966,1788393453148,387,16,13,382,8,0,3266,0.982,0.220,3.536,4.774,0.001,9731,0,0.000,434.429,25892974
25892967,1788393453505,218,16,36,187,11,0,2483,0.630,0.167,2.061,2.876,0.001,7394,0,0.000,352.666,25892974
25892968,1788393453806,411,16,29,391,7,0,3910,1.103,0.245,3.512,4.906,0.001,11664,0,0.000,293.977,25892974
25892969,1788393454182,348,16,28,327,9,0,3359,0.897,0.208,3.190,4.337,0.001,9997,0,0.000,369.498,25892974
25892970,1788393454408,198,16,16,194,4,0,1944,0.562,0.133,1.954,2.668,0.001,5833,0,0.000,220.601,25892974
25892971,1788393454818,368,16,39,334,11,0,3685,1.037,0.224,3.633,4.925,0.001,11044,0,0.000,289.199,25892974
25892972,1788393455006,184,16,18,176,6,0,2025,0.508,0.137,1.872,2.531,0.001,6024,0,0.000,183.137,25892974
25892973,1788393455231,368,16,101,276,7,0,4297,0.962,0.263,3.516,4.768,0.001,12840,0,0.000,216.964,25892974
25892974,1788393455687,325,16,34,298,9,0,3414,0.833,0.219,3.116,4.192,0.001,10091,0,0.000,449.705,25892974
25892975,1788393831222,382,16,29,362,7,0,3492,0.969,0.227,3.396,4.636,0.001,10415,0,0.000,297.440,25893005
25892976,1788393831415,157,16,18,152,3,0,1601,0.477,0.116,1.828,2.433,0.000,4803,0,0.000,188.661,25893005
25892977,1788393831753,826,16,44,795,3,0,6361,1.976,0.428,6.660,9.168,0.001,20013,0,0.000,326.520,25893005
25892978,1788393832007,205,16,18,196,7,0,2015,0.607,0.135,1.905,2.663,0.001,6008,0,0.000,248.821,25893005
25892979,1788393832285,231,16,11,212,24,0,2293,0.626,0.145,2.253,3.041,0.001,6815,0,0.000,272.627,25893005
25892980,1788393832486,261,16,18,257,2,0,2151,0.745,0.173,2.323,3.264,0.001,6455,0,0.000,195.342,25893005
25892981,1788393833013,371,16,17,365,5,0,3062,1.054,0.211,3.372,4.669,0.001,9175,0,0.000,520.348,25893005
25892982,1788393833206,250,16,31,234,1,0,2555,0.688,0.176,2.487,3.375,0.001,7578,0,0.000,187.712,25893005
25892983,1788393833812,1243,16,145,1102,12,0,11259,2.832,0.694,10.474,14.275,0.001,34513,0,0.000,588.558,25893005
25892984,1788393833993,81,16,10,81,6,0,899,0.303,0.075,0.966,1.353,0.001,2681,0,0.000,177.108,25893005
25892985,1788393834344,426,16,25,407,10,0,3827,1.087,0.240,3.684,5.065,0.001,11244,0,0.000,344.002,25893005
25892986,1788393834695,603,16,39,561,19,0,5254,1.614,0.336,5.022,7.063,0.001,15620,0,0.000,342.200,25893005
25892987,1788393834998,400,16,12,392,12,0,3282,0.979,0.213,3.330,4.568,0.001,9707,0,0.000,296.371,25893005
25892988,1788393835288,798,16,26,782,6,0,5591,1.959,0.395,6.291,8.745,0.001,17830,0,0.000,278.668,25893005
25892989,1788393835561,354,16,22,306,42,0,3579,0.966,0.219,3.191,4.406,0.001,10610,0,0.000,265.894,25893005
25892990,1788393835856,327,16,52,284,7,0,3637,0.815,0.212,3.082,4.147,0.001,10758,0,0.000,288.531,25893005
25892991,1788393835982,61,16,2,70,5,0,692,0.239,0.059,4.562,4.865,0.000,2084,0,0.000,119.600,25893005
25892992,1788393836362,483,16,98,398,3,0,5384,1.181,0.324,4.562,6.141,0.001,15998,0,0.000,371.716,25893005
25892993,1788393836597,498,16,27,478,9,0,3867,1.212,0.268,3.947,5.462,0.001,11561,0,0.000,227.318,25893005
25892994,1788393836891,806,16,18,798,6,0,5492,1.875,0.396,6.244,8.612,0.000,17545,0,0.000,283.045,25893005
25892995,1788393837214,252,16,12,252,4,0,2368,0.674,0.153,2.448,3.292,0.001,7083,0,0.000,316.636,25893005
25892996,1788393837518,190,16,7,195,4,0,1776,0.540,0.119,1.843,2.514,0.001,5279,0,0.000,299.917,25893005
25892997,1788393838018,308,16,36,283,5,0,2999,0.898,0.196,2.929,4.044,0.000,8947,0,0.000,493.369,25893005
25892998,1788393838345,468,16,21,454,9,0,3609,1.157,0.252,3.912,5.361,0.001,10826,0,0.000,320.103,25893005
25892999,1788393838658,424,16,38,390,12,0,4236,1.067,0.267,4.041,5.417,0.001,12527,0,0.000,305.333,25893005
25893000,1788393838858,255,16,18,238,15,0,2333,0.681,0.169,2.309,3.176,0.001,6910,0,0.000,194.183,25893005
25893001,1788393839357,294,16,19,284,7,0,2850,0.760,0.178,2.624,3.596,0.001,8441,0,0.000,350.277,25893005
25893002,1788393839642,312,16,98,229,1,0,4126,0.791,0.242,3.164,4.222,0.001,12213,0,0.000,279.178,25893005
25893003,1788393840017,492,16,26,478,4,0,4029,1.228,0.285,4.188,5.751,0.001,12447,0,0.000,366.838,25893005
25893004,1788393840457,268,16,16,261,7,0,2642,0.720,0.167,3.035,3.958,0.001,7842,0,0.000,432.989,25893005
25893005,1788393840843,183,16,6,190,2,1,1702,0.550,0.118,1.898,2.582,0.001,5108,0,0.000,381.757,25893005
25893006,1788394210488,449,16,32,423,10,0,4171,1.157,0.273,3.978,5.480,0.001,12296,0,0.000,371.197,25893037
25893007,1788394210767,431,16,64,380,3,0,4287,1.169,0.265,4.047,5.530,0.000,12822,0,0.000,270.732,25893037
25893008,1788394211019,281,16,11,278,8,0,2433,0.724,0.174,2.643,3.562,0.001,7229,0,0.000,246.522,25893037
25893009,1788394211422,843,16,30,825,4,0,6204,2.074,0.435,6.698,9.345,0.001,19577,0,0.000,391.225,25893037
25893010,1788394211780,266,16,10,246,26,0,2570,0.728,0.167,2.575,3.501,0.001,7567,0,0.000,352.374,25893037
25893011,1788394212010,81,16,4,90,3,0,772,0.286,0.068,2.870,3.228,0.001,2319,0,0.000,224.600,25893037
25893012,1788394212539,977,16,110,868,15,0,8220,2.327,0.520,8.103,11.123,0.001,25435,0,0.000,515.211,25893037
25893013,1788394212729,99,16,14,96,4,1,1125,0.321,0.081,1.271,1.683,0.001,3354,0,0.000,186.344,25893037
25893014,1788394213463,760,16,24,733,18,1,6190,1.877,0.406,6.215,8.631,0.001,18379,0,0.000,723.628,25893037
25893015,1788394213760,494,16,26,471,13,0,4407,1.240,0.285,4.169,5.762,0.001,13104,0,0.000,288.933,25893037
25893016,1788394214010,326,16,33,301,8,0,2956,0.846,0.215,2.868,3.956,0.001,8776,0,0.000,243.272,25893037
25893017,1788394214434,419,16,33,393,9,0,3766,1.068,0.254,3.749,5.108,0.001,11248,0,0.000,416.746,25893037
25893018,1788394214757,268,16,16,259,9,0,2579,0.786,0.175,2.440,3.425,0.001,7642,0,0.000,317.058,25893037
25893019,1788394215055,185,16,5,192,4,0,1636,0.508,0.115,1.716,2.353,0.001,4880,0,0.000,293.193,25893037
25893020,1788394215278,179,16,5,187,3,0,1609,0.507,0.114,1.887,2.523,0.001,4789,0,0.000,218.445,25893037
25893021,1788394215401,84,16,4,81,15,0,895,0.301,0.074,3.650,4.033,0.001,2666,0,0.000,117.400,25893037
25893022,1788394215884,510,16,39,482,5,0,4868,1.282,0.301,4.536,6.171,0.001,14532,0,0.000,475.374,25893037
25893023,1788394216315,696,16,99,601,12,0,6550,1.749,0.397,6.000,8.208,0.001,20141,0,0.000,420.300,25893037
25893024,1788394216572,224,16,24,207,9,0,2295,0.667,0.153,2.237,3.081,0.001,6843,0,0.000,252.106,25893037
25893025,1788394216926,260,16,16,256,4,0,2438,0.711,0.164,2.408,3.305,0.001,7298,0,0.000,348.790,25893037
25893026,1788394217154,372,16,13,367,8,0,3083,1.001,0.215,3.183,4.424,0.001,9253,0,0.000,220.858,25893037
25893027,1788394217430,275,16,26,262,3,0,2653,0.737,0.180,2.503,3.460,0.001,7901,0,0.000,271.086,25893037
25893028,1788394217766,262,16,20,245,13,0,2715,0.791,0.173,2.541,3.526,0.001,8071,0,0.000,329.958,25893037
25893029,1788394218003,154,16,10,157,3,0,1448,0.429,0.106,1.521,2.066,0.001,4344,0,0.000,233.014,25893037
25893030,1788394218514,302,16,16,295,7,0,2720,0.801,0.177,2.676,3.678,0.001,8110,0,0.000,505.291,25893037
25893031,1788394218892,174,16,1,164,25,0,1647,0.538,0.117,1.799,2.465,0.000,4909,0,0.000,225.030,25893037
25893032,1788394219261,495,16,90,419,2,0,5205,1.282,0.297,4.547,6.173,0.001,15388,0,0.000,361.086,25893037
25893033,1788394219482,234,16,15,221,14,0,2263,0.632,0.151,2.038,2.841,0.001,6720,0,0.000,215.552,25893037
25893034,1788394219748,334,16,23,314,13,0,3196,0.837,0.205,2.898,3.979,0.001,9498,0,0.000,260.296,25893037
25893035,1788394220008,187,16,14,179,10,0,1816,0.512,0.125,1.971,2.622,0.001,5414,0,0.000,255.295,25893037
25893036,1788394220179,96,16,9,101,2,0,927,0.396,0.074,3.502,3.981,0.001,2766,0,0.000,165.296,25893037
25893037,1788394220615,881,16,17,874,6,0,6276,2.314,0.436,7.029,9.914,0.001,19912,0,0.000,423.672,25893037
25893038,1788394598482,259,16,24,244,7,0,2571,0.713,0.166,2.458,3.362,0.001,7663,0,0.000,2296.549,25893069
25893039,1788394598840,194,16,16,186,8,0,1994,0.590,0.128,1.984,2.722,0.001,5902,0,0.000,352.713,25893069
25893040,1788394599184,383,16,30,366,3,0,3369,1.004,0.231,3.507,4.791,0.001,10016,0,0.000,337.413,25893069
25893041,1788394599462,291,16,19,283,5,0,2434,0.856,0.190,2.741,3.839,0.001,7340,0,0.000,271.450,25893069
25893042,1788394600752,527,16,109,421,13,0,6019,1.260,0.343,4.961,6.614,0.001,17549,0,0.000,1281.619,25893069
25893043,1788394601093,324,16,24,313,3,0,2879,0.808,0.193,2.852,3.883,0.001,8612,0,0.000,334.253,25893069
25893044,1788394601381,242,16,20,232,6,0,2276,0.653,0.151,2.159,2.983,0.001,6776,0,0.000,283.119,25893069
25893045,1788394601669,212,16,11,214,3,0,1939,0.645,0.138,2.005,2.806,0.001,5797,0,0.000,283.996,25893069
25893046,1788394601957,260,16,11,257,8,0,2412,0.749,0.158,2.443,3.377,0.001,7236,0,0.000,281.543,25893069
25893047,1788394602601,318,16,26,297,11,0,3134,0.929,0.199,3.117,4.284,0.001,9338,0,0.000,638.160,25893069
25893048,1788394602870,173,16,11,168,10,0,1779,0.509,0.124,1.755,2.405,0.001,5273,0,0.000,264.269,25893069
25893049,1788394603209,246,16,13,247,2,0,2285,0.665,0.152,2.194,3.032,0.000,6812,0,0.000,334.065,25893069
25893050,1788394603584,371,16,20,359,8,0,3520,0.958,0.218,3.229,4.439,0.000,10496,0,0.000,368.595,25893069
25893051,1788394604248,230,16,27,216,3,0,2337,0.663,0.149,2.198,3.040,0.001,7003,0,0.000,659.490,25893069
25893052,1788394604545,495,16,95,395,21,0,5749,1.308,0.337,4.455,6.154,0.001,17043,0,0.000,288.280,25893069
25893053,1788394605057,320,16,44,283,9,0,3388,0.887,0.210,3.044,4.169,0.000,10088,0,0.000,505.254,25893069
25893054,1788394605383,289,16,12,288,5,0,2591,0.747,0.170,2.770,3.713,0.001,7737,0,0.000,320.833,25893069
25893055,1788394605751,441,16,25,427,5,0,4153,1.268,0.264,3.944,5.550,0.001,12425,0,0.000,359.581,25893069
25893056,1788394605960,146,16,4,157,1,0,1333,0.433,0.100,1.629,2.172,0.001,3993,0,0.000,205.016,25893069
25893057,1788394606437,685,16,88,606,7,0,7274,1.854,0.419,6.301,8.680,0.001,21490,0,0.000,466.716,25893069
25893058,1788394606857,439,16,17,428,10,0,3827,1.409,0.246,3.874,5.574,0.000,11429,0,0.000,411.611,25893069
25893059,1788394607166,236,16,12,236,4,0,2195,0.650,0.146,2.177,3.002,0.001,6597,0,0.000,304.161,25893069
25893060,1788394607517,335,16,17,327,7,0,3078,0.988,0.196,2.956,4.169,0.001,9181,0,0.000,344.720,25893069
25893061,1788394608128,800,16,26,784,6,0,5771,1.916,0.398,6.540,8.950,0.000,18355,0,0.000,386.550,25893069
25893062,1788394608461,445,16,73,366,22,0,5075,1.108,0.290,4.197,5.643,0.001,14746,0,0.000,325.495,25893069
25893063,1788394608753,116,16,10,120,2,0,1105,0.364,0.088,1.224,1.685,0.001,3290,0,0.000,287.723,25893069
25893064,1788394609292,348,16,11,351,2,0,2962,0.973,0.209,3.031,4.253,0.001,8822,0,0.000,533.156,25893069
25893065,1788394610161,430,16,33,404,9,0,4258,1.231,0.270,4.011,5.585,0.001,12640,0,0.000,860.905,25893069
25893066,1788394610593,577,16,60,509,24,0,5547,1.517,0.345,5.158,7.113,0.001,16448,0,0.000,422.595,25893069
25893067,1788394611003,424,16,23,407,10,0,3731,1.129,0.253,3.859,5.281,0.001,11229,0,0.000,402.349,25893069
25893068,1788394611345,273,16,23,259,7,0,2695,0.746,0.181,2.840,3.826,0.001,8052,0,0.000,336.189,25893069
25893069,1788394611650,309,16,17,302,6,0,2873,0.836,0.186,2.797,3.863,0.001,8528,0,0.000,298.500,25893069
25893070,1788394981135,240,16,6,245,5,0,2119,0.663,0.143,2.200,3.025,0.001,6323,0,0.000,297.015,25893101
25893071,1788394981518,347,16,20,338,5,0,3320,1.002,0.207,3.176,4.429,0.001,9867,0,0.000,375.441,25893101
25893072,1788394981897,277,16,18,271,4,0,2602,0.723,0.172,2.524,3.449,0.001,7784,0,0.000,373.884,25893101
25893073,1788394982311,564,16,104,466,10,0,6550,1.436,0.373,5.533,7.464,0.001,19285,0,0.000,404.173,25893101
25893074,1788394982643,306,16,29,283,10,0,3225,0.831,0.202,3.000,4.062,0.001,9600,0,0.000,325.377,25893101
25893075,1788394983015,859,16,20,848,7,0,6060,2.055,0.434,6.597,9.228,0.001,19242,0,0.000,361.194,25893101
25893076,1788394983378,247,16,12,245,6,0,2282,0.698,0.151,2.301,3.177,0.001,6849,0,0.000,357.650,25893101
25893077,1788394983784,511,16,22,504,1,0,4510,1.401,0.284,4.365,6.109,0.001,13453,0,0.000,397.690,25893101
25893078,1788394984225,321,16,10,319,8,0,2533,0.819,0.183,2.945,3.994,0.001,7568,0,0.000,434.289,25893101
25893079,1788394984613,336,16,19,325,8,0,2791,0.877,0.196,3.091,4.192,0.001,8348,0,0.000,381.855,25893101
25893080,1788394984945,330,16,19,322,5,0,2913,0.844,0.193,2.876,3.950,0.001,8715,0,0.000,326.350,25893101
25893081,1788394985248,420,16,29,400,7,0,4012,1.086,0.253,3.777,5.164,0.001,11921,0,0.000,295.256,25893101
25893082,1788394985467,66,16,2,79,1,0,589,0.250,0.049,4.319,4.622,0.001,1804,0,0.000,212.267,25893101
25893083,1788394985922,593,16,114,487,7,1,6489,1.562,0.374,5.530,7.561,0.001,19267,0,0.000,446.138,25893101
25893084,1788394986244,178,16,9,176,8,1,1795,0.523,0.119,1.914,2.574,0.001,5350,0,0.000,317.345,25893101
25893085,1788394986586,374,16,28,353,9,0,3652,0.973,0.233,3.419,4.656,0.000,10736,0,0.000,334.747,25893101
25893086,1788394987064,232,16,20,222,6,0,2365,0.639,0.154,2.252,3.059,0.001,7064,0,0.000,472.905,25893101
25893087,1788394987438,367,16,30,346,7,0,3457,0.973,0.216,3.328,4.552,0.001,10262,0,0.000,367.952,25893101
25893088,1788394987731,221,16,8,222,7,0,2085,0.630,0.141,2.163,2.947,0.000,6202,0,0.000,287.491,25893101
25893089,1788394988037,720,16,14,711,11,0,4888,1.705,0.346,5.472,7.582,0.001,15791,0,0.000,296.856,25893101
25893090,1788394988500,500,16,18,496,2,0,4422,1.331,0.278,4.241,6.038,0.000,13305,0,0.000,454.784,25893101
25893091,1788394989025,326,16,24,312,6,0,3118,0.943,0.193,2.995,4.166,0.001,9257,0,0.000,401.309,25893101
25893092,1788394989408,566,16,99,478,5,0,5999,1.389,0.364,5.307,7.151,0.001,17882,0,0.000,372.631,25893101
25893093,1788394989690,285,16,8,285,8,0,2246,0.786,0.164,2.390,3.366,0.001,6709,0,0.000,276.027,25893101
25893094,1788394990004,215,16,16,203,12,0,2116,0.611,0.142,2.035,2.809,0.001,6291,0,0.000,309.398,25893101
25893095,1788394990189,330,16,23,320,3,0,2920,0.955,0.196,2.886,4.065,0.001,8784,0,0.000,178.356,25893101
25893096,1788394990750,459,16,24,445,5,1,4168,1.277,0.263,4.000,5.597,0.001,12319,0,0.000,553.448,25893101
25893097,1788394991088,823,16,21,810,8,0,5951,1.987,0.412,6.495,8.997,0.001,18813,0,0.000,326.476,25893101
25893098,1788394991571,253,16,17,244,8,0,2417,0.713,0.156,2.313,3.208,0.001,7136,0,0.000,477.741,25893101
25893099,1788394991919,237,16,20,229,3,1,2296,0.676,0.153,2.378,3.227,0.001,6822,0,0.000,343.265,25893101
25893100,1788394992221,517,16,23,505,5,0,4215,1.286,0.276,4.288,5.918,0.001,12645,0,0.000,293.919,25893101
25893101,1788394992782,621,16,27,606,4,0,4635,1.525,0.332,5.071,6.993,0.001,14293,0,0.000,551.329,25893101
25893102,1788395361903,458,16,97,374,3,0,4924,1.221,0.304,4.285,5.874,0.000,14459,0,0.000,255.160,25893133
25893103,1788395362210,365,16,20,352,9,0,3276,0.934,0.219,3.224,4.424,0.001,9799,0,0.000,299.818,25893133
25893104,1788395362471,448,16,20,437,7,0,3694,1.120,0.248,3.868,5.296,0.001,11027,0,0.000,253.706,25893133
25893105,1788395362770,304,16,19,298,3,0,2769,0.828,0.184,2.823,3.885,0.001,8294,0,0.000,292.155,25893133
25893106,1788395362970,192,16,7,198,3,0,1673,0.582,0.118,1.774,2.491,0.001,4984,0,0.000,194.917,25893133
25893107,1788395363343,369,16,28,351,6,0,3497,1.037,0.226,3.413,4.725,0.001,10495,0,0.000,366.346,25893133
25893108,1788395363706,222,16,16,213,9,0,2121,0.626,0.142,2.193,2.977,0.001,6325,0,0.000,357.836,25893133
25893109,1788395363853,145,16,5,150,6,0,1448,0.466,0.111,1.496,2.083,0.001,4362,0,0.000,142.676,25893133
25893110,1788395364167,167,16,9,173,1,0,1508,0.518,0.106,1.728,2.362,0.001,4505,0,0.000,309.494,25893133
25893111,1788395364418,136,16,10,138,4,0,1382,0.414,0.114,1.482,2.020,0.001,4103,0,0.000,247.237,25893133
25893112,1788395364792,424,16,93,345,2,0,5036,1.102,0.302,3.995,5.470,0.001,15101,0,0.000,366.940,25893133
25893113,1788395365110,362,16,14,342,22,0,3549,0.938,0.226,3.308,4.501,0.001,10571,0,0.000,311.075,25893133
25893114,1788395365437,844,16,19,828,13,0,6053,2.007,0.414,6.741,9.286,0.001,19255,0,0.000,315.599,25893133
25893115,1788395365726,302,16,16,290,12,0,2858,0.804,0.192,2.722,3.747,0.001,8462,0,0.000,282.362,25893133
25893116,1788395365937,271,16,27,254,6,0,2642,0.807,0.178,2.418,3.430,0.001,7804,0,0.000,205.798,25893133
25893117,1788395366114,271,16,14,262,11,0,2211,0.777,0.165,2.425,3.387,0.001,6643,0,0.000,171.844,25893133
25893118,1788395366637,611,16,17,591,19,0,4857,1.506,0.329,5.068,6.969,0.001,14561,0,0.000,514.143,25893133
25893119,1788395366957,353,16,20,341,8,0,3045,0.943,0.206,3.020,4.200,0.001,9104,0,0.000,313.044,25893133
25893120,1788395367298,306,16,13,304,5,0,2909,0.894,0.204,3.038,4.173,0.001,8658,0,0.000,334.845,25893133
25893121,1788395367799,258,16,30,242,2,0,2418,0.697,0.164,2.347,3.223,0.000,7237,0,0.000,292.765,25893133
25893122,1788395368046,392,16,82,324,2,0,4951,1.006,0.289,4.049,5.387,0.000,14608,0,0.000,239.662,25893133
25893123,1788395368342,254,16,9,259,2,0,2233,0.701,0.149,2.498,3.369,0.000,6691,0,0.000,290.165,25893133
25893124,1788395368680,179,16,4,187,4,0,1602,0.659,0.109,1.876,2.668,0.001,4826,0,0.000,333.644,25893133
25893125,1788395369132,473,16,35,432,21,1,4539,1.201,0.274,4.174,5.722,0.001,13508,0,0.000,444.301,25893133
25893126,1788395369457,484,16,41,451,8,0,4546,1.288,0.289,4.236,5.867,0.001,13531,0,0.000,316.665,25893133
25893127,1788395369704,150,16,11,145,10,0,1492,0.465,0.120,1.512,2.110,0.001,4495,0,0.000,242.998,25893133
25893128,1788395370118,549,16,25,531,9,0,4797,1.353,0.301,4.600,6.327,0.000,14256,0,0.000,405.086,25893133
25893129,1788395370391,198,16,6,202,6,0,1763,0.581,0.129,1.900,2.626,0.001,5256,0,0.000,268.772,25893133
25893130,1788395370718,184,16,14,182,3,1,1694,0.551,0.113,1.756,2.438,0.001,5069,0,0.000,322.836,25893133
25893131,1788395371121,266,16,15,241,26,0,2643,0.778,0.175,2.518,3.513,0.001,7882,0,0.000,396.988,25893133
25893132,1788395371532,830,16,130,714,2,0,8089,2.037,0.481,7.519,10.200,0.001,24613,0,0.000,398.718,25893133
25893133,1788395371839,258,16,33,239,2,0,2656,0.707,0.169,2.595,3.495,0.001,7858,0,0.000,301.928,25893133
25893134,1788395746878,309,16,13,303,9,0,2896,0.837,0.189,2.830,3.892,0.001,8621,0,0.000,275.012,25893165
25893135,1788395747211,304,16,17,296,7,0,2634,0.857,0.181,2.670,3.742,0.001,7887,0,0.000,325.773,25893165
25893136,1788395747505,563,16,19,556,4,0,4483,1.407,0.308,4.441,6.281,0.001,13559,0,0.000,285.637,25893165
25893137,1788395747925,378,16,43,342,9,0,3878,1.002,0.245,3.513,4.800,0.001,11579,0,0.000,412.478,25893165
25893138,1788395748330,277,16,14,267,12,0,2622,0.753,0.173,2.695,3.645,0.001,7872,0,0.000,399.046,25893165
25893139,1788395748474,65,16,0,77,4,0,583,0.238,0.056,4.280,4.579,0.001,1757,0,0.000,137.227,25893165
25893140,1788395749006,506,16,36,484,2,0,4793,1.545,0.298,4.474,6.384,0.001,14228,0,0.000,523.895,25893165
25893141,1788395749322,226,16,21,212,9,0,2377,0.648,0.161,2.263,3.096,0.001,7111,0,0.000,310.715,25893165
25893142,1788395749600,578,16,92,496,6,0,6449,1.472,0.383,5.554,7.467,0.001,19262,0,0.000,268.714,25893165
25893143,1788395750103,241,16,7,248,2,0,2105,0.710,0.156,2.423,3.304,0.001,6338,0,0.000,497.461,25893165
25893144,1788395750535,502,16,14,501,3,0,4309,1.284,0.276,4.422,6.045,0.001,12820,0,0.000,424.066,25893165
25893145,1788395750867,235,16,14,231,6,0,2319,0.651,0.156,2.313,3.150,0.001,6897,0,0.000,326.508,25893165
25893146,1788395751159,253,16,15,253,1,0,2314,0.720,0.158,2.334,3.235,0.001,6947,0,0.000,286.322,25893165
25893147,1788395751506,297,16,32,277,4,0,2914,0.789,0.196,2.868,3.880,0.001,8689,0,0.000,340.864,25893165
25893148,1788395751877,391,16,23,373,11,0,3765,1.042,0.234,3.541,4.861,0.001,11189,0,0.000,364.093,25893165
25893149,1788395752209,258,16,9,258,7,0,2326,0.771,0.155,2.535,3.482,0.001,6982,0,0.000,326.382,25893165
25893150,1788395752387,88,16,6,92,6,0,867,0.251,0.144,3.145,3.547,0.000,2632,0,0.000,171.947,25893165
25893151,1788395753329,337,16,17,333,3,0,3070,1.254,0.202,3.184,4.678,0.000,9129,0,0.000,794.120,25893165
25893152,1788395753692,401,16,112,301,4,0,4843,1.023,0.273,3.989,5.330,0.001,14362,0,0.000,354.952,25893165
25893153,1788395754062,277,16,15,270,8,0,2725,1.013,0.178,2.699,3.916,0.001,8105,0,0.000,364.574,25893165
25893154,1788395754609,315,16,12,274,45,0,3238,0.842,0.200,2.996,4.068,0.001,9636,0,0.000,540.661,25893165
25893155,1788395754886,63,16,2,75,2,0,551,0.238,0.057,4.132,4.431,0.001,1701,0,0.000,270.116,25893165
25893156,1788395755261,200,16,10,206,0,0,1836,0.613,0.135,2.150,2.923,0.001,5509,0,0.000,370.554,25893165
25893157,1788395755822,617,16,69,556,8,0,5782,1.589,0.359,5.458,7.484,0.001,17062,0,0.000,550.837,25893165
25893158,1788395756163,419,16,19,409,7,0,3955,1.123,0.256,3.792,5.221,0.001,11812,0,0.000,334.016,25893165
25893159,1788395756447,459,16,29,377,69,0,4604,1.140,0.337,4.020,5.544,0.001,13640,0,0.000,276.162,25893165
25893160,1788395756768,459,16,12,450,13,0,3666,1.210,0.240,3.831,5.325,0.001,11027,0,0.000,313.255,25893165
25893161,1788395757011,342,16,8,348,2,0,2789,0.972,0.193,2.975,4.169,0.001,8292,0,0.000,236.838,25893165
25893162,1788395757332,194,16,20,187,3,0,2000,0.567,0.133,2.112,2.831,0.000,5954,0,0.000,316.645,25893165
25893163,1788395757647,449,16,89,362,14,0,5270,1.142,0.307,4.439,5.950,0.001,15516,0,0.000,306.844,25893165
25893164,1788395757859,207,16,17,193,13,0,2336,0.620,0.158,2.106,2.904,0.001,6929,0,0.000,207.114,25893165
25893165,1788395758172,204,16,13,196,11,0,1999,0.592,0.142,2.161,2.911,0.001,6004,0,0.000,307.771,25893165
25893166,1788396129394,485,16,37,452,12,0,4655,1.277,0.287,4.313,5.927,0.001,13900,14,8545.714,500.442,25893197
25893167,1788396129832,565,16,19,547,15,0,4660,1.521,0.311,4.898,6.789,0.001,14231,0,0.000,428.320,25893197
25893168,1788396130095,255,16,14,249,8,0,2492,0.672,0.161,2.363,3.214,0.001,7393,0,0.000,258.003,25893197
25893169,1788396130452,604,16,35,571,14,0,5223,1.472,0.347,4.997,6.882,0.000,15602,0,0.000,347.557,25893197
25893170,1788396130802,352,16,16,343,9,0,2984,0.993,0.205,2.972,4.199,0.001,8895,0,0.000,343.868,25893197
25893171,1788396131086,244,16,16,238,6,0,2415,0.701,0.158,2.477,3.358,0.001,7164,0,0.000,277.625,25893197
25893172,1788396131412,464,16,99,375,6,0,5194,1.169,0.303,4.338,5.855,0.000,15189,0,0.000,318.547,25893197
25893173,1788396131652,228,16,22,215,7,0,2174,0.608,0.144,2.127,2.895,0.000,6496,0,0.000,234.943,25893197
25893174,1788396132069,536,16,32,505,15,0,4986,1.608,0.320,4.756,6.743,0.001,14782,0,0.000,408.245,25893197
25893175,1788396132245,162,16,16,158,4,0,1491,0.562,0.115,1.627,2.317,0.001,4449,0,0.000,171.415,25893197
25893176,1788396132739,345,16,18,337,6,0,3189,1.034,0.209,3.110,4.391,0.001,9536,0,0.000,486.927,25893197
25893177,1788396133151,439,16,48,404,3,0,4519,1.332,0.278,4.162,5.828,0.001,13349,0,0.000,404.150,25893197
25893178,1788396133485,296,16,12,290,10,0,2578,0.834,0.187,2.581,3.627,0.001,7741,0,0.000,328.498,25893197
25893179,1788396133935,272,16,22,256,10,0,2820,0.761,0.179,2.663,3.629,0.001,8339,0,0.000,444.555,25893197
25893180,1788396134277,249,16,16,247,2,0,2625,0.707,0.167,2.512,3.417,0.001,7726,0,0.000,336.556,25893197
25893181,1788396134783,338,16,35,316,3,0,3375,0.911,0.210,3.244,4.400,0.001,10058,0,0.000,368.110,25893197
25893182,1788396135128,425,16,96,339,6,0,4900,1.161,0.282,3.921,5.398,0.001,14521,0,0.000,337.773,25893197
25893183,1788396137009,249,16,34,224,7,0,2655,0.699,0.177,2.568,3.472,0.001,7933,0,0.000,1875.542,25893197
25893184,1788396137252,185,16,8,191,2,0,1685,0.562,0.116,1.875,2.572,0.001,5004,0,0.000,237.745,25893197
25893185,1788396137798,395,16,31,371,9,0,3807,1.084,0.244,3.437,4.804,0.001,11292,0,0.000,538.714,25893197
25893186,1788396138040,270,16,28,253,5,0,2589,0.729,0.172,2.481,3.412,0.001,7685,0,0.000,237.355,25893197
25893187,1788396138404,281,16,21,262,14,0,2702,0.791,0.177,2.493,3.482,0.001,8076,0,0.000,358.099,25893197
25893188,1788396138892,210,16,15,210,1,0,1930,0.636,0.130,2.102,2.888,0.000,5782,0,0.000,484.023,25893197
25893189,1788396139252,302,16,24,285,9,0,2968,0.883,0.192,2.914,4.020,0.001,8806,0,0.000,353.156,25893197
25893190,1788396139585,203,16,13,201,5,0,1867,0.591,0.131,2.069,2.810,0.001,5651,0,0.000,328.641,25893197
25893191,1788396139827,285,16,70,228,3,0,3323,0.759,0.230,2.869,3.893,0.001,9932,0,0.000,236.692,25893197
25893192,1788396140202,416,16,101,328,3,0,5143,1.197,0.297,4.463,6.002,0.001,15197,0,0.000,366.301,25893197
25893193,1788396140822,359,16,20,348,7,0,3554,1.097,0.220,3.596,4.946,0.001,10579,0,0.000,613.259,25893197
25893194,1788396141213,451,16,16,440,11,0,3856,1.361,0.264,3.973,5.654,0.001,11522,0,0.000,382.995,25893197
25893195,1788396141346,127,16,7,133,3,0,1183,0.424,0.095,1.310,1.836,0.000,3533,0,0.000,130.031,25893197
25893196,1788396141779,372,16,37,344,7,0,3744,1.024,0.236,3.383,4.678,0.001,11174,0,0.000,425.915,25893197
25893197,1788396141942,200,16,5,199,12,0,1897,0.587,0.130,1.852,2.588,0.000,5686,0,0.000,158.636,25893197
25893198,1788396517463,138,16,6,145,3,0,1273,0.431,0.100,1.429,1.979,0.000,3811,96,58546.273,171.414,25893228
25893199,1788396518096,428,16,32,408,4,0,4078,1.182,0.268,3.837,5.381,3.501,12114,1,616.295,621.087,25893228
25893200,1788396518590,553,16,11,555,3,0,4245,1.339,0.277,4.196,5.900,0.001,13125,0,0.000,485.483,25893228
25893201,1788396519329,482,16,19,477,2,0,4054,1.290,0.266,4.027,5.683,0.000,12250,1,611.651,731.061,25893228
25893202,1788396519905,672,16,96,587,5,0,6873,1.625,0.410,6.251,8.440,0.000,20519,0,0.000,564.710,25893228
25893203,1788396520866,511,16,48,471,8,0,4719,1.350,0.318,4.442,6.260,0.001,14057,1,610.834,951.791,25893228
25893204,1788396521765,471,16,28,455,4,0,4380,1.210,0.283,4.082,5.680,0.001,13058,1,610.944,890.858,25893228
25893205,1788396522970,225,16,20,211,10,0,2383,0.640,0.213,2.055,2.937,0.000,7054,1,610.547,1199.443,25893228
25893206,1788396523139,172,16,14,172,2,0,1592,0.568,0.110,1.589,2.280,0.001,4780,0,0.000,165.058,25893228
25893207,1788396523486,337,16,33,317,3,0,3342,0.917,0.208,3.155,4.334,0.001,9894,0,0.000,339.981,25893228
25893208,1788396524193,125,16,6,130,5,0,1233,0.411,0.091,1.307,1.820,0.001,3667,1,610.687,703.475,25893228
25893209,1788396524533,360,16,30,340,6,0,3475,1.039,0.221,3.246,4.565,0.001,10297,0,0.000,331.964,25893228
25893210,1788396525410,426,16,19,418,5,0,3757,1.161,0.272,3.651,5.170,385.872,11306,1,614.452,483.526,25893228
25893211,1788396525965,273,16,30,255,4,0,2706,0.798,0.172,2.647,3.662,0.001,8048,0,0.000,393.983,25893228
25893212,1788396526674,509,16,104,411,9,1,5619,1.322,0.326,4.985,6.754,0.000,16813,1,610.446,700.205,25893228
25893213,1788396526804,70,16,4,78,4,0,660,0.247,0.051,4.426,4.727,0.000,2016,0,0.000,122.794,25893228
25893214,1788396527865,396,16,19,349,44,0,3945,1.006,0.243,3.316,4.640,0.001,11820,1,610.594,1054.084,25893228
25893215,1788396528302,238,16,12,234,8,0,2273,0.674,0.154,2.207,3.066,0.001,6769,0,0.000,431.273,25893228
25893216,1788396528609,285,16,19,271,11,0,2747,0.773,0.184,2.695,3.686,0.000,8206,0,0.000,301.263,25893228
25893217,1788396528944,232,16,14,227,7,0,2206,0.667,0.147,2.336,3.171,0.001,6602,0,0.000,330.268,25893228
25893218,1788396530530,399,16,26,337,52,0,4322,1.135,0.248,3.609,5.017,0.001,12780,0,0.000,1578.028,25893228
25893219,1788396531018,367,16,33,345,5,0,3502,0.997,0.234,3.242,4.512,0.001,10406,0,0.000,481.744,25893228
25893220,1788396531384,240,16,13,241,2,0,2087,0.683,0.143,2.218,3.065,0.001,6222,0,0.000,360.318,25893228
25893221,1788396532047,181,16,13,181,3,0,1769,0.575,0.113,1.893,2.593,0.001,5299,0,0.000,658.235,25893228
25893222,1788396532312,319,16,89,243,3,0,3852,0.827,0.214,3.289,4.346,0.001,11478,0,0.000,257.966,25893228
25893223,1788396532671,443,16,35,417,7,0,4168,1.300,0.266,4.058,5.659,0.001,12450,0,0.000,351.341,25893228
25893224,1788396532948,254,16,22,239,9,0,2450,0.769,0.150,2.338,3.267,0.001,7322,0,0.000,270.779,25893228
25893225,1788396533310,332,16,32,314,2,0,3193,0.931,0.201,2.917,4.077,0.001,9527,0,0.000,355.720,25893228
25893226,1788396533459,228,16,17,221,6,0,2162,0.583,0.210,2.116,2.931,0.001,6463,0,0.000,143.247,25893228
25893227,1788396533781,327,16,31,308,4,0,3069,0.802,0.396,2.937,4.168,0.001,9212,0,0.000,316.007,25893228
25893228,1788396534130,382,16,27,363,8,0,3752,0.998,0.241,3.412,4.690,0.001,11144,0,0.000,341.861,25893228
25893229,1788396897195,257,16,15,246,12,0,2499,0.944,0.218,3.295,4.501,0.001,7454,0,0.000,189.477,25893260
25893230,1788396897956,280,16,16,274,6,0,2647,1.185,0.215,3.306,4.771,0.001,7867,0,0.000,754.312,25893260
25893231,1788396898284,711,16,128,595,4,0,7607,2.303,0.638,8.128,11.200,0.001,22629,0,0.000,313.923,25893260
25893232,1788396898565,260,16,18,246,12,0,2453,0.849,0.211,3.134,4.250,0.001,7358,0,0.000,273.550,25893260
25893233,1788396898961,263,16,16,252,11,0,2507,0.861,0.213,3.196,4.310,0.001,7412,0,0.000,389.730,25893260
25893234,1788396899273,234,16,12,232,6,0,2182,0.848,0.180,2.851,3.919,0.001,6509,0,0.000,305.726,25893260
25893235,1788396899575,392,16,36,370,2,0,3690,1.401,0.330,4.494,6.299,0.001,11057,0,0.000,293.325,25893260
25893236,1788396899731,168,16,17,159,8,0,1649,0.772,0.149,2.231,3.191,0.001,4925,0,0.000,150.604,25893260
25893237,1788396900265,236,16,14,238,0,0,2341,1.165,0.193,3.093,4.499,0.001,6967,0,0.000,527.889,25893260
25893238,1788396900744,669,16,25,648,12,0,5306,2.771,0.557,6.993,10.452,0.001,16375,0,0.000,465.796,25893260
25893239,1788396901137,271,16,16,260,11,0,2632,1.204,0.212,3.288,4.757,0.001,7863,0,0.000,384.936,25893260
25893240,1788396901462,213,16,12,214,3,0,2053,0.949,0.170,2.893,4.053,0.001,6147,0,0.000,318.996,25893260
25893241,1788396902141,507,16,96,423,2,2,6089,1.972,0.492,6.453,9.017,0.001,17810,0,0.000,488.842,25893260
25893242,1788396902450,429,16,14,416,15,0,3544,1.409,0.434,4.700,6.621,0.001,10599,0,0.000,299.778,25893260
25893243,1788396902730,319,16,17,304,14,0,2992,1.149,0.252,3.685,5.152,0.001,8943,0,0.000,272.282,25893260
25893244,1788396903037,356,16,19,347,6,0,3256,1.464,0.269,4.023,5.826,0.001,9722,0,0.000,298.984,25893260
25893245,1788396903352,317,16,14,315,4,0,2686,1.229,0.225,3.495,5.007,0.001,8079,0,0.000,307.858,25893260
25893246,1788396903665,296,16,24,283,5,0,2893,0.863,0.306,3.609,4.829,0.001,8598,0,0.000,305.191,25893260
25893247,1788396903971,178,16,7,180,6,1,1649,0.611,0.126,2.317,3.070,0.001,4927,0,0.000,300.970,25893260
25893248,1788396904547,351,16,23,338,5,1,3370,1.567,0.278,4.112,6.029,0.001,9973,0,0.000,567.458,25893260
25893249,1788396904822,651,16,15,649,3,0,4969,2.316,0.520,6.671,9.630,0.001,15317,0,0.000,262.476,25893260
25893250,1788396905322,429,16,32,410,3,0,4056,1.441,0.335,5.126,6.982,0.001,12083,0,0.000,490.566,25893260
25893251,1788396905484,288,16,90,213,1,0,4192,0.833,0.304,4.127,5.315,0.001,12149,0,0.000,154.796,25893260
25893252,1788396905917,561,16,32,538,7,0,4968,1.798,0.446,6.248,8.596,0.001,14725,0,0.000,421.967,25893260
25893253,1788396906091,132,16,11,127,10,0,1345,0.448,0.122,1.823,2.430,0.001,4031,0,0.000,168.311,25893260
25893254,1788396906723,426,16,14,419,9,0,3715,1.498,0.310,4.821,6.713,0.001,11132,0,0.000,623.201,25893260
25893255,1788396907043,583,16,19,575,5,0,4847,1.631,0.427,6.276,8.429,0.001,14729,0,0.000,309.203,25893260
25893256,1788396907307,150,16,22,141,3,0,1539,0.655,0.158,2.140,2.996,0.001,4590,0,0.000,258.595,25893260
25893257,1788396907752,287,16,18,268,17,0,2828,1.051,0.225,3.401,4.741,0.001,8405,0,0.000,437.994,25893260
25893258,1788396908064,383,16,25,359,15,0,3820,1.519,0.354,4.428,6.374,0.001,11349,0,0.000,303.428,25893260
25893259,1788396908205,98,16,7,101,6,0,934,0.502,0.100,1.455,2.083,0.001,2828,0,0.000,136.188,25893260
25893260,1788396908558,201,16,11,203,3,0,1912,1.048,0.163,2.548,3.797,0.001,5679,0,0.000,346.369,25893260
25893261,1788397283722,498,16,111,392,11,0,5651,1.611,0.805,5.875,8.398,0.001,16596,0,0.000,415.122,25893292
25893262,1788397284173,406,16,32,367,23,0,4021,1.480,0.342,4.616,6.518,0.001,12012,0,0.000,441.628,25893292
25893263,1788397284629,319,16,18,308,9,0,2813,1.295,0.251,3.963,5.574,0.001,8398,0,0.000,448.363,25893292
25893264,1788397284875,183,16,16,174,9,0,1884,0.687,0.150,2.276,3.132,0.001,5579,0,0.000,239.341,25893292
25893265,1788397285245,340,16,20,323,13,0,3213,1.406,0.269,3.909,5.655,0.001,9590,0,0.000,362.615,25893292
25893266,1788397285473,246,16,18,239,5,0,2275,0.814,0.189,3.031,4.075,0.001,6825,0,0.000,221.372,25893292
25893267,1788397285873,357,16,18,342,13,0,3328,1.196,0.280,4.142,5.724,0.001,9893,0,0.000,390.974,25893292
25893268,1788397287124,277,16,17,263,13,0,2658,0.999,0.227,3.270,4.548,0.001,7837,0,0.000,1243.751,25893292
25893269,1788397287731,341,16,16,330,11,0,3181,1.729,0.305,4.137,6.244,0.001,9457,0,0.000,598.596,25893292
25893270,1788397288098,272,16,26,257,5,0,2661,0.932,0.216,3.601,4.800,0.001,7860,0,0.000,359.530,25893292
25893271,1788397288938,455,16,96,362,13,0,5058,1.300,0.346,5.339,7.045,0.001,15062,0,0.000,457.376,25893292
25893272,1788397289163,90,16,5,97,4,0,907,0.361,0.073,1.573,2.019,0.001,2737,0,0.000,220.669,25893292
25893273,1788397289624,528,16,27,509,8,0,4732,1.443,0.345,5.552,7.412,0.001,14127,0,0.000,451.617,25893292
25893274,1788397290000,218,16,11,221,2,0,2118,0.627,0.153,2.603,3.403,0.001,6272,0,0.000,370.442,25893292
25893275,1788397290292,292,16,17,287,4,0,2917,1.160,0.231,3.436,4.878,0.001,8646,0,0.000,284.495,25893292
25893276,1788397290599,293,16,30,274,5,0,2997,0.914,0.243,3.657,4.861,0.001,8884,0,0.000,300.062,25893292
25893277,1788397291058,132,16,1,140,7,0,1193,0.608,0.103,1.957,2.692,0.001,3580,0,0.000,454.213,25893292
25893278,1788397291443,514,16,46,479,5,0,5110,2.002,0.403,5.815,8.307,0.001,15197,0,0.000,374.150,25893292
25893279,1788397291767,298,16,21,286,7,0,2763,1.173,0.228,3.624,5.113,0.001,8296,0,0.000,316.102,25893292
25893280,1788397292198,797,16,28,774,11,0,6442,2.885,0.547,7.786,11.326,0.001,19600,0,0.000,417.260,25893292
25893281,1788397292582,305,16,84,231,6,0,4093,1.144,0.335,4.239,5.786,0.001,12112,0,0.000,375.611,25893292
25893282,1788397292981,430,16,19,418,9,0,3841,1.241,0.288,4.843,6.429,0.001,11468,0,0.000,390.247,25893292
25893283,1788397293309,270,16,12,269,5,0,2410,1.223,0.212,3.129,4.624,0.001,7213,0,0.000,320.531,25893292
25893284,1788397293701,366,16,22,356,4,0,3389,1.590,0.283,3.996,5.946,0.001,10098,0,0.000,383.370,25893292
25893285,1788397294005,259,16,17,248,10,0,2558,1.098,0.208,3.240,4.602,0.001,7616,0,0.000,297.249,25893292
25893286,1788397294312,265,16,29,246,6,0,2724,0.822,0.218,3.276,4.369,0.001,8082,0,0.000,299.189,25893292
25893287,1788397294522,80,16,3,86,7,0,781,0.302,0.086,3.106,3.511,0.001,2343,0,0.000,204.185,25893292
25893288,1788397294971,373,16,24,353,12,0,3543,1.441,0.295,4.121,5.924,0.001,10587,0,0.000,440.735,25893292
25893289,1788397295216,256,16,26,243,3,0,2447,0.877,0.323,3.276,4.520,0.001,7351,0,0.000,238.020,25893292
25893290,1788397295577,238,16,7,245,2,0,2094,1.210,0.174,2.971,4.396,0.001,6232,0,0.000,354.574,25893292
25893291,1788397295851,543,16,91,464,4,0,5716,1.716,0.447,5.979,8.252,0.001,16591,0,0.000,263.804,25893292
25893292,1788397296126,290,16,30,271,5,0,3021,1.129,0.223,3.602,5.015,0.001,8965,0,0.000,266.413,25893292
25893293,1788397671238,392,16,30,365,13,0,3767,1.206,0.299,4.634,6.204,0.001,11232,0,0.000,370.263,25893324
25893294,1788397671784,238,16,20,229,5,0,2426,0.992,0.188,3.142,4.359,0.001,7197,0,0.000,538.884,25893324
25893295,1788397672093,174,16,8,177,5,0,1609,0.598,0.148,2.121,2.896,0.001,4810,0,0.000,303.563,25893324
25893296,1788397672569,385,16,29,357,15,0,3707,1.724,0.301,4.258,6.354,0.001,11053,0,0.000,466.718,25893324
25893297,1788397672807,215,16,15,210,6,0,2018,0.753,0.182,2.820,3.775,0.001,6082,0,0.000,231.816,25893324
25893298,1788397673001,183,16,12,181,6,0,1838,0.721,0.163,2.406,3.311,0.001,5459,0,0.000,188.565,25893324
25893299,1788397673466,439,16,20,431,4,0,3930,1.756,0.348,5.022,7.217,0.001,11858,0,0.000,455.465,25893324
25893300,1788397673711,105,16,4,114,3,0,959,0.556,0.102,1.421,2.109,0.001,2887,0,0.000,238.741,25893324
25893301,1788397674344,523,16,113,421,4,1,5838,1.955,0.383,6.155,8.588,0.001,17401,0,0.000,459.776,25893324
25893302,1788397674661,244,16,15,237,8,0,2249,0.986,0.189,2.945,4.167,0.001,6732,0,0.000,309.845,25893324
25893303,1788397675043,379,16,19,371,5,0,3442,1.420,0.289,4.192,5.980,0.001,10263,0,0.000,373.658,25893324
25893304,1788397675436,226,16,24,213,5,0,2194,0.681,0.179,2.936,3.845,0.001,6507,0,0.000,386.383,25893324
25893305,1788397675643,234,16,9,240,1,0,1954,0.661,0.153,2.699,3.547,0.001,5886,0,0.000,201.823,25893324
25893306,1788397676161,294,16,32,276,2,0,2923,0.894,0.240,3.449,4.635,0.001,8709,0,0.000,510.337,25893324
25893307,1788397677345,221,16,11,217,9,0,2116,1.053,0.185,2.706,3.988,0.001,6332,0,0.000,1178.002,25893324
25893308,1788397677704,281,16,10,276,11,0,2562,1.112,0.216,3.376,4.760,0.001,7657,0,0.000,350.968,25893324
25893309,1788397678163,323,16,17,315,7,0,2926,0.942,0.272,3.449,4.708,0.001,8724,0,0.000,452.057,25893324
25893310,1788397678429,175,16,11,173,7,0,1714,0.584,0.141,2.390,3.154,0.001,5080,0,0.000,260.372,25893324
25893311,1788397679078,463,16,99,376,4,0,5766,2.010,0.502,5.793,8.402,0.001,17128,0,0.000,638.920,25893324
25893312,1788397679644,413,16,30,381,18,0,3977,1.399,0.309,4.883,6.662,0.001,11845,0,0.000,556.482,25893324
25893313,1788397679985,333,16,21,319,9,0,3109,1.295,0.264,3.837,5.467,0.001,9295,0,0.000,333.073,25893324
25893314,1788397680133,159,16,17,150,8,0,1600,0.739,0.162,2.309,3.241,0.001,4737,0,0.000,142.185,25893324
25893315,1788397680565,439,16,22,423,10,0,3955,2.200,0.367,4.913,7.567,0.001,11807,0,0.000,421.194,25893324
25893316,1788397681005,375,16,33,345,13,0,3672,1.686,0.328,4.580,6.670,0.001,10975,0,0.000,431.174,25893324
25893317,1788397681387,293,16,18,277,14,0,2748,0.885,0.229,3.629,4.803,0.001,8188,0,0.000,374.393,25893324
25893318,1788397681704,210,16,13,210,3,0,1903,0.844,0.183,2.577,3.652,0.001,5685,0,0.000,311.575,25893324
25893319,1788397682081,320,16,25,308,3,0,3022,1.230,0.259,3.630,5.178,0.001,9014,0,0.000,368.786,25893324
25893320,1788397682368,270,16,26,244,16,0,2626,0.791,0.188,3.097,4.109,0.001,7821,0,0.000,280.969,25893324
25893321,1788397683029,392,16,100,304,4,0,4872,1.475,0.395,5.044,6.984,0.001,14583,0,0.000,651.216,25893324
25893322,1788397683313,289,16,14,285,6,0,2661,1.073,0.243,3.627,4.998,0.001,7979,0,0.000,276.356,25893324
25893323,1788397684331,259,16,14,251,10,0,2376,0.849,0.195,2.896,3.971,0.001,7094,0,0.000,1011.177,25893324
25893324,1788397684638,265,16,23,252,6,0,2675,1.162,0.227,3.459,4.902,0.001,7957,0,0.000,300.290,25893324
25893325,1788398047488,242,16,13,240,5,0,2134,0.864,0.187,3.171,4.269,0.001,6455,0,0.000,238.539,25893356
25893326,1788398047718,256,16,25,240,7,0,2509,0.788,0.287,3.214,4.336,0.001,7502,0,0.000,222.207,25893356
25893327,1788398048747,339,16,23,323,9,0,3126,1.083,0.290,4.037,5.473,0.001,9337,0,0.000,1021.476,25893356
25893328,1788398049093,293,16,14,287,8,0,2672,1.139,0.198,3.680,5.072,0.001,7989,0,0.000,338.216,25893356
25893329,1788398049439,247,16,11,244,8,0,2267,1.090,0.197,3.074,4.406,0.001,6783,0,0.000,339.130,25893356
25893330,1788398049707,199,16,8,204,3,0,1900,0.671,0.153,2.435,3.313,0.001,5714,0,0.000,261.815,25893356
25893331,1788398050178,465,16,88,388,5,0,5198,1.482,0.410,5.804,7.779,0.001,15306,0,0.000,297.311,25893356
25893332,1788398050377,282,16,30,262,6,0,2891,0.965,0.235,3.582,4.849,0.001,8665,0,0.000,190.990,25893356
25893333,1788398050715,332,16,12,331,5,0,2907,1.372,0.248,3.910,5.591,0.001,8714,0,0.000,330.358,25893356
25893334,1788398051125,337,16,15,326,12,0,3101,1.509,0.270,4.171,6.018,0.001,9254,0,0.000,401.171,25893356
25893335,1788398051399,251,16,21,241,5,0,2442,1.049,0.215,3.343,4.660,0.001,7292,0,0.000,265.932,25893356
25893336,1788398051677,441,16,49,396,12,0,4604,1.349,0.390,5.301,7.123,0.001,13588,0,0.000,268.667,25893356
25893337,1788398052072,253,16,10,242,17,0,2378,0.954,0.207,3.026,4.244,0.001,7089,0,0.000,388.390,25893356
25893338,1788398052405,189,16,6,195,4,0,1692,0.656,0.143,2.418,3.265,0.001,5070,0,0.000,327.026,25893356
25893339,1788398052730,116,16,6,124,2,0,1146,0.606,0.132,1.755,2.527,0.001,3443,0,0.000,320.692,25893356
25893340,1788398053058,134,16,4,145,1,0,1166,0.794,0.097,1.849,2.757,0.001,3536,0,0.000,323.225,25893356
25893341,1788398053490,232,16,28,218,2,0,2272,1.000,0.186,3.173,4.409,0.001,6797,0,0.000,424.852,25893356
25893342,1788398053829,526,16,111,422,9,0,6186,1.689,0.498,6.234,8.516,0.001,18317,0,0.000,328.599,25893356
25893343,1788398054290,862,16,26,842,10,0,6750,3.519,0.753,9.407,13.836,0.001,20760,0,0.000,444.252,25893356
25893344,1788398054621,206,16,9,209,3,1,1842,1.207,0.159,2.651,4.060,0.001,5517,0,0.000,323.784,25893356
25893345,1788398054983,259,16,25,246,4,0,2552,1.236,0.271,3.235,4.796,0.001,7587,0,0.000,354.886,25893356
25893346,1788398055330,596,16,19,582,11,0,4894,2.294,0.503,6.158,9.065,0.001,14932,0,0.000,335.454,25893356
25893347,1788398055713,251,16,15,241,11,0,2412,0.983,0.209,3.662,4.901,0.001,7181,0,0.000,375.228,25893356
25893348,1788398055954,236,16,7,242,3,0,2144,1.165,0.211,2.814,4.243,0.001,6397,0,0.000,234.376,25893356
25893349,1788398056641,282,16,10,286,2,0,2514,1.449,0.225,3.466,5.199,0.001,7515,0,0.000,679.339,25893356
25893350,1788398057210,225,16,20,219,2,0,2138,0.966,0.192,3.090,4.296,0.001,6431,0,0.000,561.671,25893356
25893351,1788398057667,463,16,82,390,7,0,4873,1.538,0.414,5.762,7.819,0.001,14512,0,0.000,446.339,25893356
25893352,1788398058003,303,16,34,273,12,0,3142,1.417,0.289,3.794,5.564,0.001,9391,0,0.000,327.877,25893356
25893353,1788398058393,489,16,19,463,23,0,4592,2.050,0.404,5.477,8.012,0.001,13610,0,0.000,379.836,25893356
25893354,1788398058669,295,16,15,293,3,0,2761,0.886,0.215,3.462,4.602,0.001,8336,0,0.000,268.035,25893356
25893355,1788398059061,230,16,8,234,3,1,2051,0.950,0.170,2.808,3.985,0.001,6139,0,0.000,385.803,25893356
25893356,1788398059626,516,16,40,488,4,0,4941,1.890,0.381,5.856,8.174,0.001,14746,0,0.000,553.996,25893356
25893357,1788398435510,411,16,26,391,9,1,3876,1.270,0.280,4.738,6.342,0.001,11549,0,0.000,657.470,25893388
25893358,1788398435698,25,16,0,41,0,0,284,0.153,0.055,2.053,2.268,0.001,871,0,0.000,182.556,25893388
25893359,1788398435960,129,16,8,132,5,0,1324,0.468,0.110,1.835,2.451,0.001,3980,0,0.000,257.323,25893388
25893360,1788398436446,212,16,13,208,6,1,2043,0.953,0.169,2.562,3.737,0.001,6114,0,0.000,480.018,25893388
25893361,1788398436997,489,16,106,395,3,1,5840,1.855,0.508,6.184,8.651,0.001,17071,0,0.000,354.957,25893388
25893362,1788398437750,346,16,11,342,9,0,3121,1.078,0.206,3.945,5.258,0.001,9314,0,0.000,745.070,25893388
25893363,1788398438315,669,16,41,623,21,0,6194,1.973,0.555,7.127,9.770,0.001,18421,0,0.000,552.826,25893388
25893364,1788398438814,248,16,17,232,14,1,2528,0.852,0.208,3.177,4.287,0.001,7528,0,0.000,491.576,25893388
25893365,1788398439248,441,16,22,420,15,0,4206,1.441,0.737,4.740,7.006,0.001,12478,0,0.000,424.612,25893388
25893366,1788398439528,221,16,23,211,2,1,2169,0.762,0.176,2.839,3.827,0.001,6512,0,0.000,273.098,25893388
25893367,1788398439986,349,16,17,330,18,0,3281,1.392,0.267,4.136,5.861,0.001,9823,0,0.000,449.558,25893388
25893368,1788398440357,193,16,14,187,8,0,1984,0.759,0.161,2.519,3.479,0.001,5885,0,0.000,365.473,25893388
25893369,1788398440712,374,16,17,363,10,0,3401,1.308,0.290,3.981,5.662,0.001,10179,0,0.000,346.902,25893388
25893370,1788398441129,348,16,29,326,9,0,3293,1.428,0.277,3.956,5.731,0.001,9808,0,0.000,408.340,25893388
25893371,1788398441505,453,16,95,367,7,0,5266,1.503,0.428,5.798,7.817,0.001,15643,0,0.000,365.799,25893388
25893372,1788398441772,383,16,27,364,8,0,3604,1.092,0.284,4.183,5.600,0.001,10485,0,0.000,259.686,25893388
25893373,1788398442077,524,16,17,516,7,0,4135,1.476,0.327,5.294,7.151,0.001,12503,0,0.000,295.335,25893388
25893374,1788398442357,420,16,10,422,4,0,3296,1.166,0.250,4.330,5.780,0.001,9956,0,0.000,271.723,25893388
25893375,1788398442656,274,16,13,271,6,0,2509,1.257,0.227,3.256,4.790,0.001,7478,0,0.000,291.581,25893388
25893376,1788398443050,211,16,25,195,6,1,2067,1.162,0.197,2.733,4.126,0.001,6160,0,0.000,387.973,25893388
25893377,1788398443334,120,16,13,110,10,3,1290,0.784,0.131,1.842,2.785,0.001,3851,0,0.000,279.165,25893388
25893378,1788398443645,167,16,5,169,9,0,1579,1.067,0.197,2.210,3.504,0.001,4719,0,0.000,305.180,25893388
25893379,1788398443921,142,16,11,145,2,0,1379,0.543,0.117,2.023,2.723,0.001,4083,0,0.000,271.098,25893388
25893380,1788398444573,468,16,30,444,10,0,4357,1.509,0.406,5.245,7.248,0.001,12943,0,0.000,642.318,25893388
25893381,1788398444846,98,16,15,95,3,1,986,0.527,0.124,1.490,2.169,0.001,2966,0,0.000,268.260,25893388
25893382,1788398445094,99,16,2,107,5,1,894,0.577,0.091,3.909,4.601,0.001,2687,0,0.000,240.409,25893388
25893383,1788398445496,421,16,29,396,12,0,4064,1.475,0.335,4.788,6.675,0.001,12069,0,0.000,393.163,25893388
25893384,1788398446212,619,16,85,543,7,0,6355,2.124,0.555,7.510,10.300,0.001,18893,0,0.000,703.040,25893388
25893385,1788398447316,714,16,21,705,4,0,5611,3.001,0.593,7.564,11.286,0.001,16844,0,0.000,1089.893,25893388
25893386,1788398447632,151,16,12,150,4,1,1429,0.565,0.121,2.064,2.791,0.001,4292,0,0.000,310.409,25893388
25893387,1788398448176,303,16,16,290,13,0,2939,1.316,0.247,3.556,5.188,0.001,8734,0,0.000,536.563,25893388
25893388,1788398448547,223,16,9,222,7,1,2208,1.121,0.181,2.915,4.278,0.001,6539,0,0.000,364.518,25893388
25893389,1788398817665,426,16,26,400,16,0,3983,1.566,0.334,4.846,6.826,0.001,11911,0,0.000,443.640,25893420
25893390,1788398817812,134,16,8,138,4,0,1226,0.627,0.130,1.808,2.596,0.001,3681,0,0.000,141.708,25893420
25893391,1788398818177,394,16,79,329,2,0,4111,1.877,0.315,4.453,6.721,0.001,12413,0,0.000,229.649,25893420
25893392,1788398818845,458,16,35,432,7,0,4318,2.106,0.385,5.399,7.978,0.001,12824,0,0.000,656.397,25893420
25893393,1788398819341,423,16,19,408,12,0,3888,1.335,0.334,5.090,6.842,0.001,11468,0,0.000,486.120,25893420
25893394,1788398819640,222,16,13,222,3,0,1993,0.902,0.277,2.711,3.934,0.001,5930,0,0.000,292.734,25893420
25893395,1788398819804,148,16,4,152,8,0,1363,0.463,0.494,2.042,3.044,0.001,4081,0,0.000,158.686,25893420
25893396,1788398820228,375,16,34,351,6,0,3716,1.973,0.327,4.489,6.857,0.001,11037,0,0.000,414.631,25893420
25893397,1788398820646,211,16,11,205,11,0,1962,0.864,0.160,2.635,3.712,0.001,5878,0,0.000,412.374,25893420
25893398,1788398821090,534,16,24,523,3,0,4501,1.835,0.430,5.954,8.316,0.001,13509,0,0.000,432.662,25893420
25893399,1788398821462,210,16,9,211,6,0,1895,1.101,0.158,2.657,3.992,0.001,5685,0,0.000,364.904,25893420
25893400,1788398821721,165,16,6,174,1,0,1623,1.066,0.220,2.270,3.601,0.001,4820,0,0.000,253.133,25893420
25893401,1788398821949,121,16,18,118,1,0,1239,0.438,0.115,1.872,2.464,0.001,3734,0,0.000,223.483,25893420
25893402,1788398822460,507,16,93,420,10,0,5908,1.745,0.483,6.642,8.968,0.001,17530,0,0.000,499.229,25893420
25893403,1788398822844,574,16,26,555,9,0,4858,1.762,0.391,6.213,8.473,0.001,14793,0,0.000,372.390,25893420
25893404,1788398823168,278,16,14,275,5,0,2597,1.213,0.218,3.434,4.922,0.001,7696,0,0.000,316.557,25893420
25893405,1788398823287,62,16,5,71,2,0,585,0.297,0.070,4.461,4.842,0.001,1785,0,0.000,111.879,25893420
25893406,1788398823645,371,16,29,354,4,0,3544,1.547,0.298,4.147,6.056,0.001,10528,0,0.000,349.413,25893420
25893407,1788398823864,213,16,12,209,8,0,2008,1.131,0.177,2.659,4.019,0.001,5999,0,0.000,212.774,25893420
25893408,1788398824274,287,16,16,279,8,0,2772,0.997,0.232,3.488,4.777,0.001,8202,0,0.000,403.171,25893420
25893409,1788398824609,355,16,14,344,13,0,3283,1.220,0.267,3.984,5.540,0.001,9800,0,0.000,326.957,25893420
25893410,1788398824767,111,16,4,121,2,0,1006,0.446,0.100,1.861,2.434,0.001,3044,0,0.000,152.984,25893420
25893411,1788398825228,330,16,27,315,4,0,3244,1.466,0.276,4.076,5.900,0.001,9650,0,0.000,452.689,25893420
25893412,1788398825682,455,16,105,354,12,0,6087,1.397,0.434,6.246,8.172,0.001,18033,0,0.000,442.887,25893420
25893413,1788398826002,150,16,3,158,4,1,1386,0.784,0.115,2.116,3.060,0.001,4171,0,0.000,314.246,25893420
25893414,1788398826364,350,16,32,314,20,0,3388,1.891,0.436,4.245,6.632,0.001,10126,0,0.000,353.051,25893420
25893415,1788398826546,72,16,0,87,1,0,626,0.435,0.074,5.001,5.525,0.001,1888,0,0.000,174.432,25893420
25893416,1788398826780,168,16,24,159,1,0,1890,0.825,0.173,2.260,3.298,0.001,5613,0,0.000,228.545,25893420
25893417,1788398827256,374,16,24,355,11,0,3397,1.198,0.285,4.091,5.647,0.001,10119,0,0.000,468.033,25893420
25893418,1788398827584,122,16,6,128,4,0,1126,0.858,0.104,1.752,2.750,0.001,3382,0,0.000,323.036,25893420
25893419,1788398828307,399,16,15,383,17,0,3892,1.578,0.322,5.123,7.102,0.001,11563,0,0.000,713.272,25893420
25893420,1788398828724,175,16,5,184,1,1,1583,0.890,0.124,2.252,3.303,0.001,4765,0,0.000,411.619,25893420
25893421,1788399204378,546,16,97,446,19,0,6403,1.871,0.432,7.215,9.628,0.001,18929,0,0.000,481.560,25893452
25893422,1788399205430,358,16,15,346,12,1,3345,1.273,0.879,4.280,6.506,0.001,9924,0,0.000,1042.396,25893452
25893423,1788399206032,216,16,8,220,4,0,2012,0.804,0.752,3.026,4.628,0.001,6004,0,0.000,594.469,25893452
25893424,1788399206521,346,16,21,336,5,0,3196,1.177,0.880,4.079,6.208,0.001,9510,0,0.000,479.601,25893452
25893425,1788399206710,127,16,8,129,6,0,1197,0.584,0.243,1.735,2.591,0.001,3595,0,0.000,184.279,25893452
25893426,1788399207204,402,16,47,367,3,1,4042,1.720,0.332,4.734,6.868,0.001,11988,0,0.000,484.156,25893452
25893427,1788399207527,383,16,16,373,10,0,3374,1.721,0.327,4.310,6.432,0.001,10029,0,0.000,314.908,25893452
25893428,1788399207772,188,16,11,188,5,0,1881,1.099,0.181,2.612,3.950,0.001,5593,0,0.000,237.923,25893452
25893429,1788399208117,340,16,50,293,13,0,3440,1.427,0.299,3.933,5.723,0.001,10324,0,0.000,336.985,25893452
25893430,1788399208447,204,16,15,202,3,0,1831,0.814,0.154,2.537,3.556,0.001,5512,0,0.000,324.470,25893452
25893431,1788399208841,450,16,99,364,3,0,5577,1.484,0.770,5.975,8.328,0.001,16496,0,0.000,382.971,25893452
25893432,1788399209179,478,16,30,457,7,0,4270,1.726,0.394,5.515,7.727,0.001,13000,0,0.000,327.618,25893452
25893433,1788399209561,400,16,17,380,19,0,3747,1.895,0.342,4.509,6.823,0.001,11129,0,0.000,372.164,25893452
25893434,1788399209824,347,16,40,321,2,0,3698,1.478,0.298,4.419,6.252,0.001,10827,0,0.000,253.513,25893452
25893435,1788399210216,690,16,38,658,10,0,5574,2.215,0.556,7.296,10.194,0.001,16693,0,0.000,379.017,25893452
25893436,1788399210592,238,16,23,210,21,0,2529,2.119,0.259,3.325,5.757,0.001,7497,0,0.000,367.292,25893452
25893437,1788399211126,455,16,17,442,12,0,4045,1.669,0.361,4.972,7.081,0.001,12119,0,0.000,524.242,25893452
25893438,1788399211558,339,16,22,327,6,0,3126,1.148,0.949,3.961,6.116,0.001,9373,0,0.000,423.331,25893452
25893439,1788399211899,184,16,7,189,4,0,1662,0.820,0.142,2.441,3.442,0.001,4966,0,0.000,335.192,25893452
25893440,1788399212119,186,16,11,188,3,0,1659,1.043,0.148,2.439,3.674,0.001,4989,0,0.000,214.078,25893452
25893441,1788399212673,499,16,105,408,2,0,5601,1.843,0.473,6.398,8.811,0.001,16510,0,0.000,542.765,25893452
25893442,1788399212932,141,16,5,146,6,0,1297,0.553,0.107,1.975,2.652,0.001,3902,0,0.000,253.662,25893452
25893443,1788399213251,392,16,23,374,11,0,3589,1.467,0.292,4.541,6.359,0.001,10696,0,0.000,310.395,25893452
25893444,1788399213386,131,16,13,126,8,0,1299,0.700,0.135,1.988,2.852,0.001,3907,0,0.000,129.082,25893452
25893445,1788399213900,400,16,40,368,8,0,3733,1.681,0.328,4.578,6.664,0.001,11193,0,0.000,505.097,25893452
25893446,1788399214115,208,16,20,192,12,0,2178,1.148,0.172,2.762,4.128,0.001,6453,0,0.000,208.156,25893452
25893447,1788399214390,195,16,9,195,7,0,1864,1.134,0.195,2.482,3.851,0.001,5561,0,0.000,268.212,25893452
25893448,1788399214709,69,16,3,80,2,0,612,1.549,0.059,5.234,6.854,0.001,1858,0,0.000,309.792,25893452
25893449,1788399215329,420,16,22,408,6,0,3910,1.706,0.340,4.873,6.998,0.001,11656,0,0.000,611.486,25893452
25893450,1788399215703,252,16,21,244,2,1,2401,0.939,0.822,3.067,4.878,0.001,7176,0,0.000,366.823,25893452
25893451,1788399216036,316,16,107,221,4,0,4187,1.170,0.331,4.402,5.963,0.001,12445,0,0.000,154.935,25893452
25893452,1788399216446,452,16,27,403,38,0,4526,1.243,1.315,5.260,7.894,0.001,13491,0,0.000,399.884,25893452
25893453,1788399585303,238,16,6,238,10,0,2087,0.839,0.186,2.827,3.900,0.001,6219,0,0.000,269.072,25893484
25893454,1788399585584,210,16,19,201,6,0,2000,0.807,0.167,2.893,3.908,0.001,5968,0,0.000,273.832,25893484
25893455,1788399585937,284,16,18,278,4,0,2686,1.281,0.237,3.471,5.044,0.001,8027,0,0.000,345.167,25893484
25893456,1788399586322,290,16,22,273,11,0,2861,1.302,0.229,3.394,4.982,0.001,8568,0,0.000,377.682,25893484
25893457,1788399586675,231,16,12,223,12,0,2252,1.068,0.177,3.115,4.425,0.001,6751,0,0.000,345.852,25893484
25893458,1788399587022,227,16,14,225,4,0,2126,1.259,0.182,2.992,4.480,0.001,6344,0,0.000,339.457,25893484
25893459,1788399587187,172,16,21,167,0,0,1757,0.627,0.162,2.274,3.079,0.001,5236,0,0.000,159.785,25893484
25893460,1788399588218,278,16,13,273,8,0,2667,1.341,0.339,3.525,5.250,0.001,7942,0,0.000,1023.875,25893484
25893461,1788399588590,560,16,104,466,6,0,6278,2.051,0.505,7.363,10.107,0.001,18432,0,0.000,358.788,25893484
25893462,1788399588892,392,16,12,390,6,0,3129,1.799,0.296,4.124,6.284,0.001,9413,0,0.000,292.557,25893484
25893463,1788399589228,267,16,15,257,11,0,2409,1.445,0.244,3.112,4.857,0.001,7245,0,0.000,328.665,25893484
25893464,1788399589561,378,16,24,353,17,0,3863,1.868,0.372,4.692,7.007,0.001,11486,0,0.000,323.251,25893484
25893465,1788399589854,199,16,14,196,5,0,1908,0.811,0.495,2.462,3.819,0.001,5724,0,0.000,287.125,25893484
25893466,1788399590261,355,16,29,327,14,1,3344,1.534,0.275,4.177,6.043,0.001,10068,0,0.000,397.736,25893484
25893467,1788399590636,277,16,15,271,6,1,2690,1.099,0.206,3.385,4.747,0.001,8027,0,0.000,368.325,25893484
25893468,1788399591079,376,16,22,352,18,0,3517,1.727,0.318,4.387,6.502,0.001,10493,0,0.000,434.039,25893484
25893469,1788399591399,258,16,12,251,11,0,2512,1.007,0.210,3.526,4.823,0.001,7427,0,0.000,313.061,25893484
25893470,1788399591684,196,16,16,194,2,0,1883,0.748,0.146,2.389,3.312,0.001,5600,0,0.000,279.817,25893484
25893471,1788399592081,650,16,109,544,13,0,6921,2.370,0.603,7.381,10.478,0.001,20328,0,0.000,384.098,25893484
25893472,1788399592266,199,16,17,191,7,0,1940,0.996,0.195,2.489,3.733,0.001,5793,0,0.000,178.447,25893484
25893473,1788399592904,296,16,17,286,9,0,2901,1.218,0.242,3.596,5.117,0.001,8683,0,0.000,630.480,25893484
25893474,1788399593259,146,16,12,146,4,0,1576,0.833,0.140,2.244,3.257,0.001,4659,0,0.000,348.940,25893484
25893475,1788399593562,268,16,26,253,5,0,2705,1.071,0.459,3.430,5.016,0.001,8061,0,0.000,296.059,25893484
25893476,1788399594038,642,16,22,623,13,0,5666,2.594,0.547,6.834,10.091,0.001,16865,0,0.000,463.533,25893484
25893477,1788399594507,341,16,20,330,7,0,3145,0.946,0.743,3.918,5.668,0.001,9390,0,0.000,459.965,25893484
25893478,1788399594683,194,16,6,199,5,0,1747,0.940,0.179,2.527,3.685,0.001,5159,0,0.000,170.887,25893484
25893479,1788399595015,205,16,7,209,5,0,2003,0.740,0.164,2.620,3.565,0.001,5958,0,0.000,326.135,25893484
25893480,1788399595505,490,16,23,474,9,0,4440,2.172,0.397,5.524,8.179,0.001,13306,0,0.000,479.727,25893484
25893481,1788399596252,485,16,88,406,7,0,5450,1.627,0.424,5.802,7.972,0.001,16071,0,0.000,599.388,25893484
25893482,1788399596553,182,16,7,184,7,0,1798,0.573,0.136,2.546,3.269,0.001,5359,0,0.000,295.254,25893484
25893483,1788399596856,290,16,10,293,3,0,2657,1.164,0.209,3.290,4.716,0.001,7919,0,0.000,296.022,25893484
25893484,1788399597131,358,16,22,349,3,0,3257,1.534,0.290,3.973,5.865,0.001,9705,0,0.000,266.791,25893484
25893485,1788399972438,317,16,19,311,3,0,3064,0.907,0.229,3.255,4.443,0.001,9171,0,0.000,326.855,25893516
25893486,1788399972777,366,16,42,329,11,0,3763,1.049,0.271,3.424,4.784,0.001,11202,0,0.000,332.065,25893516
25893487,1788399973149,288,16,27,262,15,0,2784,0.832,0.204,2.817,3.898,0.001,8323,0,0.000,365.038,25893516
25893488,1788399973665,331,16,23,311,13,0,3236,0.928,0.242,3.449,4.648,0.001,9655,0,0.000,509.205,25893516
25893489,1788399974040,275,16,15,273,3,0,2504,0.757,0.167,2.586,3.531,0.001,7394,0,0.000,368.839,25893516
25893490,1788399975108,232,16,23,224,1,0,2259,0.709,0.168,2.451,3.350,0.001,6712,0,0.000,1063.026,25893516
25893491,1788399975402,426,16,96,342,4,0,5320,1.148,0.338,4.516,6.040,0.001,15785,0,0.000,285.529,25893516
25893492,1788399975716,329,16,36,296,13,0,3311,0.834,0.247,2.994,4.104,0.001,9881,0,0.000,307.367,25893516
25893493,1788399976083,215,16,12,207,12,0,2051,0.649,0.149,2.119,2.929,0.001,6118,0,0.000,362.236,25893516
25893494,1788399976502,223,16,15,224,0,0,2090,0.655,0.162,2.159,2.988,0.001,6246,0,0.000,414.441,25893516
25893495,1788399976850,300,16,19,294,3,0,2972,0.769,0.323,2.984,4.106,0.001,8846,0,0.000,341.027,25893516
25893496,1788399977142,188,16,13,182,9,0,1849,0.621,0.163,1.867,2.667,0.001,5525,0,0.000,287.960,25893516
25893497,1788399977481,360,16,57,316,3,0,3793,1.021,0.270,3.280,4.601,0.000,11233,0,0.000,332.326,25893516
25893498,1788399977800,366,16,69,304,9,0,3775,1.007,0.273,3.271,4.576,0.001,11175,0,0.000,311.726,25893516
25893499,1788399978282,296,16,19,287,6,0,2879,0.933,0.196,3.288,4.446,0.001,8530,0,0.000,475.426,25893516
25893500,1788399978661,90,16,5,99,1,1,939,0.353,0.093,2.974,3.426,0.001,2801,0,0.000,373.522,25893516
25893501,1788399979340,591,16,56,543,7,1,5753,1.845,0.350,5.407,7.685,0.001,17102,0,0.000,668.716,25893516
25893502,1788399980502,574,16,116,465,9,0,6626,1.494,0.399,5.725,7.688,0.001,19709,0,0.000,1151.539,25893516
25893503,1788399981147,358,16,15,349,10,0,3361,0.969,0.215,3.331,4.550,0.001,10109,0,0.000,638.920,25893516
25893504,1788399981553,224,16,14,223,3,0,2121,0.727,0.153,2.150,3.051,0.001,6369,0,0.000,400.547,25893516
25893505,1788399981845,63,16,0,78,1,0,550,0.322,0.064,4.016,4.405,0.001,1666,0,0.000,285.029,25893516
25893506,1788399982264,594,16,53,549,8,0,5866,1.587,0.371,5.340,7.374,0.001,17306,0,0.000,410.286,25893516
25893507,1788399982776,240,16,10,237,9,0,2216,0.779,0.176,2.507,3.491,0.001,6582,0,0.000,505.582,25893516
25893508,1788399983160,86,16,4,92,6,0,819,0.262,0.183,2.830,3.281,0.001,2467,0,0.000,379.307,25893516
25893509,1788399983518,319,16,27,304,4,0,3072,0.975,0.222,3.109,4.335,0.001,9145,0,0.000,351.150,25893516
25893510,1788399983915,226,16,14,225,3,0,2223,0.662,0.152,2.209,3.045,0.001,6626,0,0.000,391.572,25893516
25893511,1788399984508,597,16,120,491,2,0,6839,1.569,0.418,5.817,7.863,0.001,20354,0,0.000,456.240,25893516
25893512,1788399984824,268,16,14,254,16,0,2617,0.827,0.169,2.694,3.712,0.001,7774,0,0.000,308.883,25893516
25893513,1788399985141,275,16,11,270,10,0,2533,0.802,0.191,2.661,3.674,0.001,7521,0,0.000,311.493,25893516
25893514,1788399985704,193,16,10,192,7,0,1805,0.574,0.192,1.958,2.746,0.001,5399,0,0.000,558.216,25893516
25893515,1788399985935,205,16,34,179,8,0,2221,0.607,0.169,2.017,2.806,0.001,6615,0,0.000,226.296,25893516
25893516,1788399986320,376,16,26,355,11,0,3572,1.190,0.257,3.580,5.067,0.001,10669,0,0.000,378.253,25893516
25893517,1788400358268,379,16,16,350,29,0,3643,1.084,0.247,3.499,4.882,0.001,10836,0,0.000,1446.631,25893548
25893518,1788400358782,237,16,19,229,5,0,2249,0.766,0.168,2.175,3.133,0.001,6705,0,0.000,501.424,25893548
25893519,1788400359041,283,16,21,270,8,0,2696,0.864,0.206,2.624,3.718,0.001,8034,0,0.000,253.110,25893548
25893520,1788400359680,455,16,100,364,7,0,5302,1.208,0.333,4.304,5.898,0.001,15528,0,0.000,631.305,25893548
25893521,1788400359927,243,16,29,220,10,0,2395,0.703,0.189,2.474,3.385,0.001,7122,0,0.000,241.474,25893548
25893522,1788400360747,313,16,21,301,7,0,2991,0.869,0.194,2.982,4.075,0.001,8927,0,0.000,813.264,25893548
25893523,1788400361091,349,16,41,319,5,0,3513,0.954,0.221,3.255,4.453,0.001,10325,0,0.000,337.179,25893548
25893524,1788400361395,188,16,20,180,4,0,1939,0.672,0.158,1.877,2.720,0.001,5756,0,0.000,299.985,25893548
25893525,1788400361941,577,16,27,556,10,0,4927,1.624,0.341,4.736,6.777,0.001,14790,0,0.000,536.665,25893548
25893526,1788400362373,367,16,29,345,9,0,3689,1.008,0.229,3.527,4.803,0.001,10928,0,0.000,421.460,25893548
25893527,1788400364838,167,16,6,167,10,0,1569,0.509,0.176,1.740,2.443,0.000,4685,0,0.000,2460.564,25893548
25893528,1788400365040,100,16,7,103,6,0,1048,0.447,0.102,1.141,1.700,0.001,3111,0,0.000,197.816,25893548
25893529,1788400365512,435,16,24,422,5,0,3978,1.214,0.294,3.910,5.475,0.001,11805,0,0.000,464.557,25893548
25893530,1788400365730,312,16,32,288,8,0,2929,0.897,0.228,2.875,4.026,0.001,8738,0,0.000,181.029,25893548
25893531,1788400366227,687,16,122,577,4,0,7559,1.827,0.671,6.549,9.154,0.000,22308,0,0.000,485.430,25893548
25893532,1788400366622,351,16,26,331,9,1,3318,1.019,0.238,3.327,4.625,0.001,9897,0,0.000,387.879,25893548
25893533,1788400367031,323,16,20,305,14,0,2986,0.821,0.378,2.964,4.194,0.001,8900,0,0.000,403.134,25893548
25893534,1788400367198,89,16,10,89,5,1,889,0.346,0.085,1.097,1.539,0.001,2675,0,0.000,163.100,25893548
25893535,1788400367703,204,16,14,200,5,1,1878,0.620,0.166,1.993,2.792,0.001,5616,0,0.000,500.232,25893548
25893536,1788400367996,191,16,14,186,7,0,1830,0.564,0.123,1.916,2.625,0.001,5458,0,0.000,287.867,25893548
25893537,1788400368517,526,16,49,489,4,0,5164,1.531,0.365,4.913,6.864,0.001,15337,0,0.000,512.302,25893548
25893538,1788400368824,153,16,14,149,6,0,1485,0.496,0.128,1.546,2.183,0.000,4422,0,0.000,302.977,25893548
25893539,1788400369122,300,16,32,284,0,0,3109,0.898,0.231,2.836,3.991,0.001,9236,0,0.000,291.670,25893548
25893540,1788400369427,338,16,26,322,6,0,3197,1.142,0.265,3.182,4.627,0.001,9516,0,0.000,298.312,25893548
25893541,1788400369903,271,16,35,244,7,1,2803,0.748,0.177,2.751,3.695,0.001,8374,0,0.000,327.643,25893548
25893542,1788400370266,485,16,109,382,10,0,5632,1.276,0.368,4.562,6.253,0.001,16744,0,0.000,354.331,25893548
25893543,1788400370464,71,16,5,79,3,0,693,0.323,0.070,4.332,4.730,0.001,2077,0,0.000,191.429,25893548
25893544,1788400371013,494,16,21,477,12,0,4431,1.316,0.294,4.229,5.895,0.001,13236,0,0.000,540.259,25893548
25893545,1788400371330,189,16,11,189,5,0,1816,0.612,0.146,1.940,2.711,0.001,5415,0,0.000,312.532,25893548
25893546,1788400371619,231,16,30,212,5,0,2369,0.691,0.175,2.308,3.192,0.001,7080,0,0.000,281.467,25893548
25893547,1788400372023,512,16,22,492,14,0,4830,1.300,0.307,5.141,6.812,0.001,14322,0,0.000,395.162,25893548
25893548,1788400372277,269,16,13,267,5,0,2608,0.828,0.206,2.641,3.699,0.001,7754,0,0.000,247.670,25893548
25893549,1788400740825,90,16,3,101,2,0,816,0.359,0.086,3.414,3.865,0.001,2485,0,0.000,148.878,25893580
25893550,1788400743191,72,16,0,88,0,0,623,0.291,0.060,4.512,4.867,0.001,1900,0,0.000,2354.406,25893580
25893551,1788400743777,549,16,39,514,12,0,5188,1.471,0.349,4.730,6.625,0.001,15418,0,0.000,576.284,25893580
25893552,1788400744173,442,16,82,367,9,0,5037,1.178,0.327,4.134,5.697,0.001,14907,0,0.000,388.126,25893580
25893553,1788400744473,264,16,18,250,12,0,2524,0.844,0.183,2.361,3.405,0.001,7577,0,0.000,293.786,25893580
25893554,1788400744778,280,16,15,273,8,0,2672,0.842,0.192,2.726,3.786,0.001,7988,0,0.000,298.422,25893580
25893555,1788400745101,271,16,20,262,5,0,2653,0.755,0.194,2.492,3.457,0.001,7943,0,0.000,317.823,25893580
25893556,1788400745389,404,16,31,385,4,0,3816,1.120,0.263,3.603,5.028,0.001,11418,0,0.000,280.417,25893580
25893557,1788400745746,326,16,8,329,5,0,2692,0.884,0.195,2.822,3.929,0.001,8025,0,0.000,351.113,25893580
25893558,1788400746095,340,16,15,335,6,0,3074,0.874,0.418,3.012,4.336,0.001,9167,0,0.000,341.828,25893580
25893559,1788400746423,240,16,15,237,4,0,2325,0.696,0.163,2.308,3.191,0.001,6899,0,0.000,323.193,25893580
25893560,1788400746778,315,16,16,309,6,0,2840,0.919,0.234,2.805,3.982,0.001,8544,0,0.000,349.134,25893580
25893561,1788400747093,463,16,90,385,4,0,5172,1.206,0.341,4.243,5.830,0.001,15404,0,0.000,307.029,25893580
25893562,1788400747378,268,16,10,268,6,0,2375,0.766,0.169,2.483,3.451,0.001,7104,0,0.000,279.165,25893580
25893563,1788400747718,262,16,10,253,15,0,2550,0.756,0.176,2.444,3.398,0.001,7615,0,0.000,333.905,25893580
25893564,1788400753131,278,16,14,269,11,0,2662,0.780,0.180,2.544,3.522,0.000,7935,0,0.000,311.071,25893580
25893565,1788400754363,150,16,27,127,12,0,1760,0.519,0.138,1.577,2.251,0.001,5209,0,0.000,1226.919,25893580
25893566,1788400754820,329,16,19,314,12,0,3212,0.966,0.210,2.967,4.173,0.001,9554,0,0.000,451.195,25893580
25893567,1788400760344,582,16,47,542,9,0,5580,1.589,0.350,5.243,7.276,0.000,16559,0,0.000,417.639,25893580
25893568,1788400765625,93,16,7,99,3,0,892,0.338,0.086,2.941,3.371,0.001,2695,0,0.000,204.847,25893580
25893569,1788400766154,571,16,25,554,8,0,4959,1.521,0.327,4.766,6.700,0.001,14781,0,0.000,520.227,25893580
25893570,1788400766360,202,16,15,202,1,0,1881,0.722,0.158,1.928,2.824,0.001,5605,0,0.000,201.426,25893580
25893571,1788400766794,468,16,104,375,5,0,5361,1.195,0.322,4.415,5.985,0.001,15755,0,0.000,306.630,25893580
25893572,1788400767115,232,16,16,227,5,0,2201,0.710,0.185,2.231,3.143,0.001,6560,0,0.000,315.537,25893580
25893573,1788400767267,146,16,10,149,3,0,1365,0.526,0.120,1.548,2.208,0.001,4097,0,0.000,148.274,25893580
25893574,1788400767572,215,16,16,211,3,1,2011,0.649,0.156,2.102,2.924,0.001,6000,0,0.000,299.623,25893580
25893575,1788400768089,409,16,22,395,8,0,3697,1.194,0.263,3.634,5.126,0.001,11034,0,0.000,510.331,25893580
25893576,1788400768432,283,16,20,274,5,0,2707,0.814,0.202,2.600,3.645,0.001,8063,0,0.000,336.936,25893580
25893577,1788400768742,232,16,13,234,1,0,2314,0.819,0.187,2.260,3.283,0.001,6839,0,0.000,304.598,25893580
25893578,1788400769203,315,16,15,306,9,1,3125,0.961,0.219,3.066,4.280,0.000,9303,0,0.000,453.552,25893580
25893579,1788400769577,187,16,9,191,3,0,1770,0.588,0.136,1.976,2.717,0.001,5301,0,0.000,369.904,25893580
25893580,1788400769918,202,16,22,191,5,0,1978,0.596,0.149,1.939,2.703,0.001,5930,0,0.000,335.643,25893580
25893581,1788401121327,120,16,10,122,4,0,1144,0.384,0.136,1.493,2.025,0.001,3461,0,0.000,367.676,25893612
25893582,1788401121725,217,16,11,210,12,0,2175,0.828,0.169,2.234,3.244,0.001,6460,0,0.000,388.225,25893612
25893583,1788401122250,463,16,80,394,3,2,4774,1.319,0.304,4.282,5.968,0.001,14178,0,0.000,517.016,25893612
25893584,1788401123368,486,16,29,466,7,0,4519,1.312,0.554,4.405,6.337,0.001,13456,0,0.000,1109.025,25893612
25893585,1788401123712,357,16,15,352,6,0,3307,1.091,0.252,3.265,4.640,0.001,9809,0,0.000,336.646,25893612
25893586,1788401124181,322,16,29,298,11,0,3213,0.888,0.218,2.955,4.094,0.001,9512,0,0.000,462.657,25893612
25893587,1788401124454,261,16,13,252,12,0,2433,0.782,0.183,2.386,3.375,0.001,7330,0,0.000,267.819,25893612
25893588,1788401124820,222,16,12,219,7,0,2071,0.677,0.155,2.209,3.056,0.001,6198,0,0.000,360.638,25893612
25893589,1788401125131,263,16,17,260,2,0,2339,0.838,0.191,2.541,3.592,0.001,7062,0,0.000,305.160,25893612
25893590,1788401125783,532,16,106,430,12,0,6023,1.397,0.379,5.058,6.893,0.001,17810,0,0.000,642.894,25893612
25893591,1788401126168,271,16,15,261,11,0,2604,0.829,0.197,2.507,3.569,0.001,7768,0,0.000,379.632,25893612
25893592,1788401126558,253,16,11,253,5,0,2261,0.733,0.172,2.361,3.286,0.000,6733,0,0.000,383.974,25893612
25893593,1788401126863,327,16,19,317,7,0,3082,0.925,0.226,3.178,4.353,0.001,9170,0,0.000,298.588,25893612
25893594,1788401127343,242,16,13,236,9,0,2363,0.689,0.185,2.373,3.272,0.001,7008,0,0.000,474.332,25893612
25893595,1788401127522,104,16,5,111,4,0,1030,0.388,0.094,1.217,1.715,0.001,3083,0,0.000,174.936,25893612
25893596,1788401127951,359,16,34,334,7,0,3625,1.076,0.252,3.345,4.718,0.001,10822,0,0.000,422.104,25893612
25893597,1788401128291,123,16,5,131,3,0,1129,0.438,0.099,1.379,1.924,0.001,3398,0,0.000,335.817,25893612
25893598,1788401128789,373,16,32,348,9,0,3775,1.134,0.267,3.604,5.060,0.001,11174,0,0.000,490.810,25893612
25893599,1788401129138,260,16,11,259,6,0,2408,0.776,0.178,2.473,3.448,0.001,7193,0,0.000,343.685,25893612
25893600,1788401130087,460,16,109,363,4,0,5328,1.230,0.318,4.569,6.169,0.001,15820,0,0.000,940.491,25893612
25893601,1788401130837,246,16,34,217,11,0,2683,0.849,0.199,2.528,3.591,0.001,8017,0,0.000,615.506,25893612
25893602,1788401131350,329,16,28,305,12,0,3414,0.958,0.227,3.649,4.873,0.001,10189,0,0.000,506.674,25893612
25893603,1788401131637,207,16,17,200,5,1,2069,0.640,0.160,2.161,2.977,0.001,6187,0,0.000,281.074,25893612
25893604,1788401132049,478,16,18,469,7,0,4150,1.360,0.346,4.120,5.889,0.001,12361,0,0.000,404.509,25893612
25893605,1788401132371,260,16,8,265,3,0,2267,0.772,0.176,2.537,3.508,0.001,6796,0,0.000,316.085,25893612
25893606,1788401132855,206,16,17,202,3,0,2013,0.651,0.164,2.075,2.907,0.001,5946,0,0.000,478.479,25893612
25893607,1788401133171,191,16,10,192,5,0,1717,0.705,0.140,1.874,2.737,0.001,5133,0,0.000,311.160,25893612
25893608,1788401133704,354,16,13,347,10,0,3214,1.100,0.238,3.213,4.593,0.001,9593,0,0.000,526.695,25893612
25893609,1788401134109,295,16,22,287,2,0,2996,0.858,0.205,2.863,3.952,0.001,8904,0,0.000,398.566,25893612
25893610,1788401134379,266,16,17,261,4,0,2471,0.765,0.177,2.494,3.460,0.001,7327,0,0.000,263.756,25893612
25893611,1788401134815,488,16,93,406,5,0,5419,1.265,0.337,4.656,6.315,0.001,16129,0,0.000,428.380,25893612
25893612,1788401135177,272,16,19,258,11,0,2607,0.782,0.189,2.567,3.558,0.001,7791,0,0.000,355.852,25893612
25893613,1788401511298,134,16,3,136,11,0,1245,0.492,0.108,1.449,2.061,0.001,3737,0,0.000,1628.303,25893644
25893614,1788401511753,227,16,16,219,8,0,2215,0.706,0.157,2.243,3.130,0.001,6579,0,0.000,449.220,25893644
25893615,1788401512128,350,16,25,326,15,0,3484,0.931,0.297,3.228,4.518,0.001,10326,0,0.000,368.152,25893644
25893616,1788401512742,382,16,21,360,15,2,3492,1.050,0.239,3.461,4.792,0.001,10414,0,0.000,606.948,25893644
25893617,1788401513131,211,16,8,210,9,0,1973,0.750,0.180,2.117,3.064,0.001,5859,0,0.000,382.937,25893644
25893618,1788401513528,303,16,28,281,8,2,3000,0.859,0.203,2.932,4.022,0.001,8885,0,0.000,390.861,25893644
25893619,1788401513925,473,16,17,463,9,0,4175,1.664,0.335,4.356,6.414,0.001,12454,0,0.000,388.436,25893644
25893620,1788401514218,261,16,23,249,5,0,2445,0.781,0.198,2.562,3.564,0.001,7326,0,0.000,287.446,25893644
25893621,1788401514393,258,16,85,184,5,0,3215,0.744,0.220,2.551,3.535,0.001,9451,0,0.000,169.257,25893644
25893622,1788401514838,492,16,33,469,6,0,4697,1.343,0.316,4.562,6.269,0.000,14085,0,0.000,436.733,25893644
25893623,1788401515181,275,16,12,267,12,0,2642,0.791,0.193,2.719,3.722,0.001,7850,0,0.000,336.963,25893644
25893624,1788401515353,146,16,5,152,5,0,1340,0.562,0.111,1.476,2.159,0.001,3983,0,0.000,167.194,25893644
25893625,1788401515867,304,16,12,307,1,0,2737,1.031,0.219,3.072,4.357,0.001,8130,0,0.000,508.136,25893644
25893626,1788401516256,289,16,24,277,4,0,2846,0.970,0.199,2.839,4.031,0.001,8525,0,0.000,382.421,25893644
25893627,1788401516547,287,16,26,272,5,0,2891,0.879,0.207,2.846,3.976,0.001,8639,0,0.000,284.549,25893644
25893628,1788401516793,234,16,14,228,8,0,2296,0.752,0.198,2.356,3.328,0.001,6806,0,0.000,241.287,25893644
25893629,1788401517092,219,16,11,217,7,0,2089,0.711,0.164,2.153,3.055,0.001,6218,0,0.000,293.622,25893644
25893630,1788401517336,240,16,19,230,7,0,2301,0.750,0.175,2.386,3.333,0.001,6887,0,0.000,238.398,25893644
25893631,1788401517814,417,16,86,341,6,0,4921,1.087,0.317,4.081,5.526,0.000,14484,0,0.000,329.405,25893644
25893632,1788401518080,276,16,17,243,32,0,2906,0.825,0.219,2.628,3.700,0.001,8627,0,0.000,259.530,25893644
25893633,1788401518394,284,16,17,266,17,0,2791,0.821,0.192,2.747,3.782,0.001,8260,0,0.000,307.810,25893644
25893634,1788401518634,218,16,16,213,5,0,2175,0.701,0.170,2.149,3.041,0.001,6461,0,0.000,235.341,25893644
25893635,1788401518865,252,16,20,242,6,0,2468,0.745,0.180,2.328,3.270,0.001,7397,0,0.000,224.868,25893644
25893636,1788401519182,361,16,30,333,14,0,3460,1.055,0.247,3.176,4.511,0.001,10260,0,0.000,310.390,25893644
25893637,1788401519552,249,16,27,232,6,0,2407,0.776,0.172,2.362,3.328,0.001,7236,0,0.000,364.092,25893644
25893638,1788401519687,87,16,12,85,6,0,908,0.332,0.096,1.069,1.506,0.001,2742,0,0.000,131.922,25893644
25893639,1788401520048,283,16,11,265,23,0,2645,0.916,0.206,2.562,3.718,0.001,7938,0,0.000,354.741,25893644
25893640,1788401520225,167,16,16,160,7,0,1595,0.469,0.290,1.695,2.470,0.001,4811,0,0.000,173.144,25893644
25893641,1788401521904,592,16,25,572,11,0,5206,1.825,0.374,5.128,7.417,0.001,15561,0,0.000,1669.419,25893644
25893642,1788401522349,862,16,93,771,14,0,8435,2.171,0.535,7.572,10.442,0.001,24417,0,0.000,431.484,25893644
25893643,1788401522517,154,16,15,150,5,0,1680,0.597,0.132,1.605,2.349,0.000,4967,0,0.000,163.916,25893644
25893644,1788401522892,359,16,23,349,3,0,3368,1.085,0.226,3.384,4.732,0.000,10133,0,0.000,367.984,25893644
25893645,1788401892474,218,16,21,211,2,0,2052,0.658,0.161,2.082,2.925,0.001,6163,70,42708.762,273.231,25893676
25893646,1788401893412,208,16,11,204,8,1,1937,0.661,0.152,2.020,2.853,0.001,5819,1,611.142,932.715,25893676
25893647,1788401893961,480,16,51,438,7,0,4924,1.556,0.323,4.471,6.452,0.000,14697,0,0.000,539.798,25893676
25893648,1788401894585,438,16,14,424,16,0,3962,1.297,0.313,3.844,5.544,118.864,11771,1,614.232,495.909,25893676
25893649,1788401894922,338,16,13,339,2,0,2938,0.945,0.241,3.030,4.262,0.001,8755,0,0.000,329.613,25893676
25893650,1788401895070,94,16,4,98,8,0,900,0.392,0.084,1.075,1.560,0.001,2718,0,0.000,143.055,25893676
25893651,1788401895886,291,16,22,281,4,0,2743,0.867,0.202,2.636,3.749,0.001,8193,1,611.288,810.664,25893676
25893652,1788401896198,299,16,42,267,6,0,3190,0.783,0.210,2.871,3.901,0.001,9461,0,0.000,304.881,25893676
25893653,1788401896394,94,16,5,104,1,0,870,0.303,0.082,3.202,3.594,0.001,2619,0,0.000,189.949,25893676
25893654,1788401897575,422,16,22,407,9,0,3988,1.293,0.249,3.687,5.301,0.000,11879,1,610.394,1172.451,25893676
25893655,1788401898640,531,16,117,415,15,0,6187,1.313,0.351,4.934,6.698,0.001,18298,1,611.885,1055.568,25893676
25893656,1788401899512,458,16,37,431,6,0,4386,1.201,0.324,3.916,5.531,0.000,13023,1,611.442,864.312,25893676
25893657,1788401899811,294,16,18,283,9,0,2776,0.886,0.180,2.579,3.676,0.001,8245,0,0.000,291.867,25893676
25893658,1788401900678,368,16,17,358,9,0,3482,1.044,0.271,3.362,4.756,0.001,10299,1,612.117,859.728,25893676
25893659,1788401901114,135,16,5,143,3,0,1262,0.516,0.115,1.470,2.114,0.001,3772,0,0.000,432.396,25893676
25893660,1788401901939,260,16,19,254,3,0,2454,0.687,0.160,2.604,3.493,0.004,7328,1,610.263,818.976,25893676
25893661,1788401902442,459,16,90,357,28,0,5375,1.105,0.305,4.585,6.081,0.000,16001,0,0.000,385.389,25893676
25893662,1788401903364,254,16,22,245,3,0,2452,0.915,0.191,2.382,3.523,0.001,7265,1,610.663,916.373,25893676
25893663,1788401904313,354,16,12,347,11,0,3315,0.984,0.243,3.195,4.493,450.198,9854,1,614.664,492.336,25893676
25893664,1788401904636,347,16,17,336,10,0,3201,0.957,0.239,3.190,4.461,0.001,9497,0,0.000,316.035,25893676
25893665,1788401905539,249,16,25,239,1,0,2543,0.763,0.226,3.194,4.232,479.298,7555,1,613.801,415.493,25893676
25893666,1788401907977,378,16,24,347,23,0,3695,1.073,0.229,3.142,4.510,0.000,11009,2,1221.386,2431.018,25893676
25893667,1788401908287,244,16,11,236,13,0,2338,0.746,0.186,2.255,3.210,0.001,6974,0,0.000,304.310,25893676
25893668,1788401909179,320,16,25,298,13,0,3215,0.928,0.240,3.174,4.429,529.487,9572,1,613.810,355.804,25893676
25893669,1788401909710,306,16,18,300,4,0,2882,0.860,0.220,2.747,3.865,0.001,8632,0,0.000,524.423,25893676
25893670,1788401910411,247,16,15,244,4,0,2304,0.723,0.190,2.687,3.637,0.000,6909,1,611.760,695.455,25893676
25893671,1788401910774,417,16,90,337,6,0,4965,1.103,0.315,4.291,5.801,0.001,14565,0,0.000,354.272,25893676
25893672,1788401911612,248,16,14,244,6,0,2280,0.862,0.196,2.299,3.419,459.464,6844,1,614.874,372.803,25893676
25893673,1788401911996,401,16,29,380,8,0,3827,1.019,0.238,3.664,4.986,0.001,11357,0,0.000,376.485,25893676
25893674,1788401912857,276,16,14,269,9,0,2503,0.774,0.173,2.558,3.544,0.001,7453,1,610.309,854.960,25893676
25893675,1788401914049,274,16,18,267,5,0,2550,0.719,0.166,2.319,3.245,0.000,7607,1,610.198,1187.032,25893676
25893676,1788401914410,300,16,20,289,7,0,2972,0.915,0.208,2.744,3.914,0.001,8813,0,0.000,354.578,25893676
25893677,1788402277337,304,16,22,290,8,0,2882,0.899,0.206,2.800,3.940,0.001,8537,12,7318.065,363.732,25893708
25893678,1788402279825,235,16,22,220,9,0,2407,0.824,0.195,2.451,3.491,0.001,7156,0,0.000,2480.994,25893708
25893679,1788402280118,224,16,21,211,8,0,2170,0.632,0.143,2.148,2.945,0.001,6486,0,0.000,288.009,25893708
25893680,1788402280462,226,16,13,223,6,0,2061,0.680,0.136,2.058,2.889,0.001,6202,0,0.000,339.019,25893708
25893681,1788402280682,352,16,109,254,5,0,4432,1.013,0.298,3.435,4.772,0.000,13275,0,0.000,212.911,25893708
25893682,1788402281082,478,16,28,454,12,0,4486,1.183,0.689,4.382,6.306,0.001,13434,0,0.000,390.932,25893708
25893683,1788402281249,206,16,16,201,5,0,2149,0.615,0.145,2.055,2.836,0.001,6365,0,0.000,161.226,25893708
25893684,1788402281464,118,16,5,128,1,0,1116,0.463,0.116,1.314,1.901,0.001,3359,0,0.000,211.908,25893708
25893685,1788402287013,431,16,22,418,7,0,3994,1.327,0.279,3.920,5.577,0.001,11889,0,0.000,444.842,25893708
25893686,1788402287410,354,16,37,322,11,0,3408,0.907,0.212,3.213,4.367,0.001,10224,0,0.000,391.377,25893708
25893687,1788402287696,208,16,17,201,6,0,1991,0.566,0.132,1.991,2.700,0.001,5963,0,0.000,280.720,25893708
25893688,1788402287973,231,16,19,225,3,0,2149,0.701,0.178,2.190,3.092,0.001,6390,0,0.000,271.961,25893708
25893689,1788402288198,266,16,16,260,6,0,2562,0.941,0.185,2.471,3.631,0.001,7658,0,0.000,219.219,25893708
25893690,1788402288426,173,16,10,176,3,0,1543,0.681,0.132,1.727,2.552,0.001,4659,0,0.000,222.504,25893708
25893691,1788402288896,499,16,107,402,6,0,5556,1.357,0.320,4.546,6.266,0.001,16296,0,0.000,327.399,25893708
25893692,1788402289195,193,16,10,187,12,0,1831,0.562,0.128,1.876,2.580,0.001,5524,0,0.000,293.773,25893708
25893693,1788402289505,256,16,19,246,7,0,2481,0.952,0.200,2.428,3.603,0.001,7356,0,0.000,303.846,25893708
25893694,1788402289730,212,16,9,214,5,0,1965,0.737,0.159,2.110,3.028,0.001,5894,0,0.000,220.462,25893708
25893695,1788402289976,108,16,19,102,2,1,1149,0.335,0.111,1.294,1.749,0.000,3421,0,0.000,242.486,25893708
25893696,1788402290391,322,16,34,295,9,0,3413,0.948,0.236,3.140,4.359,0.001,10136,0,0.000,408.797,25893708
25893697,1788402295668,211,16,12,203,12,0,2012,0.792,0.165,2.006,2.979,0.001,6010,0,0.000,201.481,25893708
25893698,1788402296177,368,16,21,353,10,0,3379,1.286,0.243,3.375,4.943,0.001,10057,0,0.000,501.975,25893708
25893699,1788402296433,245,16,26,232,3,0,2395,0.673,0.167,2.294,3.157,0.001,7135,0,0.000,251.221,25893708
25893700,1788402296708,182,16,7,187,4,0,1683,0.520,0.115,1.823,2.468,0.000,5031,0,0.000,269.562,25893708
25893701,1788402302062,327,16,24,317,2,0,3022,0.861,0.197,2.821,3.923,0.001,9008,0,0.000,264.949,25893708
25893702,1788402302404,515,16,79,448,4,0,5215,1.575,0.383,4.538,6.538,0.001,15431,0,0.000,332.724,25893708
25893703,1788402303888,207,16,14,204,5,0,1969,0.758,0.159,2.014,2.944,0.001,5873,0,0.000,1478.674,25893708
25893704,1788402304192,175,16,18,169,4,0,1811,0.495,0.125,1.854,2.491,0.001,5412,0,0.000,300.194,25893708
25893705,1788402304505,261,16,14,256,7,0,2346,0.965,0.191,2.424,3.603,0.001,7026,0,0.000,307.073,25893708
25893706,1788402304880,324,16,24,314,2,0,2998,0.849,0.188,3.044,4.109,0.001,8942,0,0.000,368.507,25893708
25893707,1788402305251,268,16,19,260,5,0,2462,0.794,0.196,2.576,3.587,0.001,7366,0,0.000,365.379,25893708
25893708,1788402305587,223,16,25,207,7,0,2255,0.602,0.140,2.147,2.914,0.001,6700,0,0.000,331.165,25893708
25893709,1788402656566,278,16,17,272,4,1,2689,0.813,0.188,2.749,3.767,0.000,8024,0,0.000,332.241,25893740
25893710,1788402656964,190,16,9,194,3,0,1753,0.841,0.145,1.817,2.825,0.001,5257,0,0.000,392.413,25893740
25893711,1788402657360,406,16,101,320,1,0,5376,1.153,0.302,4.439,5.943,0.001,15863,0,0.000,388.290,25893740
25893712,1788402657741,400,16,33,375,8,0,3957,1.204,0.273,3.563,5.077,0.001,11752,0,0.000,373.602,25893740
25893713,1788402663141,314,16,17,306,7,0,3090,0.826,0.201,2.901,3.975,0.001,9077,0,0.000,299.831,25893740
25893714,1788402663387,170,16,13,165,8,0,1620,0.608,0.141,1.782,2.545,0.001,4839,0,0.000,240.880,25893740
25893715,1788402663857,524,16,47,483,10,0,4965,1.329,0.301,4.680,6.367,0.001,14723,0,0.000,461.110,25893740
25893716,1788402664094,92,16,4,96,8,0,918,0.396,0.093,1.072,1.569,0.001,2741,0,0.000,233.377,25893740
25893717,1788402664619,459,16,21,438,16,0,4379,1.326,0.280,4.127,5.776,0.001,12976,0,0.000,517.219,25893740
25893718,1788402665040,391,16,34,362,11,0,4044,1.013,0.253,3.713,5.017,0.001,12026,0,0.000,413.677,25893740
25893719,1788402665212,108,16,11,100,13,0,1240,0.433,0.105,1.376,1.929,0.001,3692,0,0.000,168.107,25893740
25893720,1788402665482,86,16,0,101,1,0,722,0.303,0.124,5.309,5.741,0.001,2180,0,0.000,262.734,25893740
25893721,1788402666121,554,16,48,514,8,0,5340,1.417,0.336,5.062,6.887,0.001,15791,0,0.000,488.167,25893740
25893722,1788402666437,441,16,88,362,7,0,4869,1.149,0.327,4.171,5.686,0.000,14557,0,0.000,308.179,25893740
25893723,1788402666868,323,16,37,294,7,1,3262,0.840,0.341,3.113,4.332,0.001,9752,0,0.000,424.139,25893740
25893724,1788402672201,207,16,24,194,5,0,2147,0.797,0.159,2.006,2.982,0.001,6353,0,0.000,256.562,25893740
25893725,1788402674334,320,16,34,297,5,0,3188,0.939,0.242,3.002,4.222,0.001,9461,0,0.000,2126.229,25893740
25893726,1788402674636,364,16,33,341,6,0,3468,0.937,0.216,3.282,4.472,0.001,10375,0,0.000,295.185,25893740
25893727,1788402674974,251,16,11,253,3,0,2264,0.746,0.175,2.322,3.266,0.001,6768,0,0.000,332.109,25893740
25893728,1788402675269,255,16,24,242,5,0,2583,0.705,0.173,2.467,3.368,0.001,7708,0,0.000,289.592,25893740
25893729,1788402675541,208,16,11,210,3,0,1903,0.617,0.140,1.976,2.748,0.001,5723,0,0.000,267.931,25893740
25893730,1788402676757,203,16,7,210,2,0,1832,0.599,0.131,2.068,2.814,0.001,5462,0,0.000,1210.209,25893740
25893731,1788402677047,437,16,78,366,9,0,4996,1.110,0.295,4.057,5.521,0.001,14710,0,0.000,282.309,25893740
25893732,1788402677304,208,16,6,210,8,0,1974,0.780,0.147,1.990,2.933,0.000,5844,0,0.000,252.049,25893740
25893733,1788402677528,295,16,32,270,9,0,3114,0.786,0.210,2.868,3.883,0.001,9328,0,0.000,218.093,25893740
25893734,1788402677755,178,16,5,171,18,0,1763,0.625,0.130,1.747,2.513,0.001,5349,0,0.000,222.357,25893740
25893735,1788402678109,255,16,8,257,6,0,2296,0.717,0.153,2.401,3.299,0.001,6877,0,0.000,349.320,25893740
25893736,1788402688559,318,16,30,300,4,0,3002,0.918,0.192,2.892,4.047,0.001,9019,0,0.000,286.077,25893740
25893737,1788402688809,248,16,16,240,8,0,2266,0.814,0.188,2.217,3.241,0.001,6792,0,0.000,244.327,25893740
25893738,1788402689164,352,16,31,334,3,0,3640,1.021,0.248,3.344,4.650,0.001,10908,0,0.000,347.440,25893740
25893739,1788402689367,74,16,5,85,0,0,758,0.264,0.069,2.798,3.137,0.000,2289,0,0.000,198.315,25893740
25893740,1788402689592,149,16,3,159,3,0,1306,0.617,0.112,1.444,2.183,0.001,3906,0,0.000,220.409,25893740
25893741,1788403041259,515,16,95,431,5,0,5655,1.281,0.327,4.833,6.524,0.001,16725,0,0.000,452.638,25893772
25893742,1788403041528,285,16,19,270,12,0,2827,0.857,0.191,2.716,3.799,0.001,8410,0,0.000,262.311,25893772
25893743,1788403041765,269,16,10,269,6,0,2381,0.896,0.176,2.417,3.520,0.001,7078,0,0.000,231.301,25893772
25893744,1788403042016,226,16,13,228,1,0,2044,0.714,0.189,2.052,2.976,0.001,6078,0,0.000,246.319,25893772
25893745,1788403042354,142,16,6,148,4,0,1298,0.523,0.121,1.429,2.083,0.001,3899,0,0.000,333.664,25893772
25893746,1788403047718,344,16,33,322,5,0,3531,0.991,0.263,3.218,4.505,0.001,10468,0,0.000,263.586,25893772
25893747,1788403047842,97,16,3,100,10,0,919,0.301,0.081,1.117,1.508,0.001,2776,0,0.000,120.400,25893772
25893748,1788403048159,135,16,8,139,4,0,1243,0.611,0.102,1.504,2.229,0.000,3725,0,0.000,313.510,25893772
25893749,1788403048445,383,16,42,349,8,0,3823,0.971,0.232,3.477,4.722,0.001,11395,0,0.000,279.114,25893772
25893750,1788403048697,252,16,10,249,9,0,2272,0.782,0.201,2.360,3.373,0.001,6824,0,0.000,246.784,25893772
25893751,1788403049044,420,16,106,327,3,0,4928,1.129,0.322,3.985,5.474,0.001,14711,0,0.000,218.090,25893772
25893752,1788403051230,329,16,16,316,13,0,3044,0.963,0.241,2.983,4.208,0.001,9061,0,0.000,2179.704,25893772
25893753,1788403051556,302,16,17,294,7,0,2798,0.933,0.214,2.994,4.166,0.001,8378,0,0.000,319.412,25893772
25893754,1788403051871,165,16,12,166,3,0,1657,0.483,0.120,1.665,2.281,0.001,4944,0,0.000,310.683,25893772
25893755,1788403052216,374,16,25,360,5,0,3477,1.099,0.302,3.339,4.771,0.001,10429,0,0.000,338.435,25893772
25893756,1788403052520,352,16,27,339,2,0,3174,0.858,0.599,2.982,4.475,0.001,9486,0,0.000,297.406,25893772
25893757,1788403052867,807,16,11,805,7,0,5518,2.063,0.387,6.323,8.855,0.001,17617,0,0.000,335.339,25893772
25893758,1788403053165,261,16,21,255,1,0,2487,0.943,0.178,2.401,3.547,0.001,7427,0,0.000,291.908,25893772
25893759,1788403053392,285,16,19,276,6,0,2615,0.963,0.188,2.635,3.808,0.001,7792,0,0.000,221.600,25893772
25893760,1788403053686,315,16,7,318,6,0,2428,1.057,0.199,2.695,3.974,0.001,7314,0,0.000,287.863,25893772
25893761,1788403053977,519,16,90,441,4,0,5151,1.265,0.312,4.650,6.281,0.001,14954,0,0.000,282.922,25893772
25893762,1788403054316,759,16,14,749,12,0,5072,2.140,0.404,5.764,8.369,0.001,16304,0,0.000,327.847,25893772
25893763,1788403054589,305,16,14,289,18,0,3050,1.042,0.204,2.700,3.974,0.001,9026,0,0.000,266.875,25893772
25893764,1788403054855,260,16,16,251,9,0,2516,0.901,0.182,2.386,3.483,0.001,7508,0,0.000,260.755,25893772
25893765,1788403056999,414,16,26,395,9,0,3611,1.119,0.252,3.610,5.017,0.001,10720,0,0.000,2136.584,25893772
25893766,1788403057388,400,16,27,380,9,0,3417,1.004,0.234,3.202,4.483,0.001,10243,0,0.000,382.274,25893772
25893767,1788403057855,295,16,13,284,14,0,2646,0.797,0.176,2.666,3.666,0.001,7851,0,0.000,462.031,25893772
25893768,1788403058193,230,16,11,225,10,0,2226,0.745,0.192,2.344,3.303,0.001,6641,0,0.000,332.297,25893772
25893769,1788403058531,276,16,20,270,2,0,2637,0.857,0.205,2.526,3.626,0.001,7852,0,0.000,332.239,25893772
25893770,1788403058689,102,16,5,107,6,0,976,0.343,0.080,1.119,1.550,0.000,2907,0,0.000,154.651,25893772
25893771,1788403063973,327,16,100,241,2,0,4210,1.025,0.278,3.297,4.634,0.000,12525,0,0.000,203.866,25893772
25893772,1788403064308,140,16,8,134,14,0,1398,0.487,0.132,1.553,2.180,0.001,4205,0,0.000,329.594,25893772
25893773,1788403427303,107,16,5,114,3,1,1080,0.454,0.101,1.274,1.837,0.001,3247,0,0.000,208.114,25893804
25893774,1788403427789,540,16,26,518,12,0,4963,1.497,0.396,4.708,6.690,0.001,14742,0,0.000,476.831,25893804
25893775,1788403428129,247,16,20,241,2,0,2275,0.771,0.177,2.344,3.337,0.001,6818,0,0.000,333.824,25893804
25893776,1788403428564,869,16,36,842,7,0,6415,2.180,0.550,7.078,9.973,0.001,20246,0,0.000,422.559,25893804
25893777,1788403428912,270,16,7,262,17,0,2416,0.865,0.183,2.517,3.591,0.001,7280,0,0.000,342.473,25893804
25893778,1788403429266,247,16,12,240,11,0,2354,0.745,0.159,2.279,3.201,0.001,6997,0,0.000,348.207,25893804
25893779,1788403429593,400,16,17,393,6,0,3261,1.165,0.257,3.391,4.843,0.001,9771,0,0.000,320.229,25893804
25893780,1788403431051,361,16,16,356,5,0,2982,1.004,0.226,3.133,4.391,0.001,8934,0,0.000,1451.482,25893804
25893781,1788403431553,406,16,89,330,3,0,4463,1.080,0.332,3.670,5.120,0.001,13101,0,0.000,359.925,25893804
25893782,1788403431829,206,16,14,200,8,0,2082,0.653,0.149,2.044,2.859,0.001,6212,0,0.000,271.169,25893804
25893783,1788403432154,853,16,36,820,13,0,6449,2.093,0.588,6.734,9.513,0.001,20274,0,0.000,313.681,25893804
25893784,1788403432473,369,16,35,347,3,0,3498,1.013,0.227,3.232,4.500,0.000,10368,0,0.000,312.082,25893804
25893785,1788403432757,854,16,38,825,7,0,6294,2.362,0.475,6.742,9.666,0.001,19715,0,0.000,271.474,25893804
25893786,1788403433057,929,16,28,907,10,0,6525,2.280,0.504,7.398,10.293,0.000,20633,0,0.000,287.843,25893804
25893787,1788403433499,618,16,11,618,5,0,4297,1.722,0.338,4.759,6.872,0.001,13473,0,0.000,432.666,25893804
25893788,1788403433831,344,16,13,338,9,0,2924,1.026,0.248,3.023,4.324,0.001,8675,0,0.000,325.280,25893804
25893789,1788403434218,1354,16,38,1327,5,0,9026,3.269,0.710,10.480,14.657,0.001,29080,0,0.000,370.176,25893804
25893790,1788403434555,1258,16,27,1240,7,0,7891,2.929,0.614,9.917,13.689,0.001,25696,0,0.000,320.569,25893804
25893791,1788403434880,987,16,96,905,2,0,8042,2.345,0.563,8.109,11.220,0.001,25041,0,0.000,311.339,25893804
25893792,1788403435118,327,16,12,323,8,0,2641,1.059,0.194,2.782,4.058,0.001,7961,0,0.000,231.223,25893804
25893793,1788403435602,1182,16,31,1162,5,0,7841,2.928,0.589,8.747,12.496,0.001,25163,0,0.000,469.323,25893804
25893794,1788403436054,190,16,6,199,1,0,1752,0.615,0.122,1.937,2.693,0.001,5236,0,0.000,446.797,25893804
25893795,1788403436543,1087,16,23,1076,4,0,7261,3.129,0.543,8.315,12.190,0.001,22777,0,0.000,470.971,25893804
25893796,1788403436906,1349,16,36,1329,0,0,8711,3.321,0.788,10.001,14.340,0.001,28155,0,0.000,345.651,25893804
25893797,1788403437246,508,16,11,505,8,0,3778,1.314,0.278,4.059,5.713,0.001,11619,0,0.000,331.845,25893804
25893798,1788403437426,220,16,11,218,7,0,1824,0.722,0.153,2.040,2.943,0.000,5476,0,0.000,174.527,25893804
25893799,1788403437953,945,16,36,920,5,0,6738,2.441,0.533,7.502,10.630,0.000,21201,0,0.000,514.879,25893804
25893800,1788403438280,353,16,27,337,5,0,3022,1.006,0.233,3.101,4.386,0.001,9041,0,0.000,319.744,25893804
25893801,1788403438527,433,16,100,348,1,0,4846,1.254,0.319,4.184,5.817,0.000,14222,0,0.000,238.344,25893804
25893802,1788403439054,1991,16,52,1947,8,0,12960,4.555,0.986,14.543,20.494,0.001,41709,0,0.000,504.619,25893804
25893803,1788403439351,227,16,11,221,11,0,2386,0.939,0.172,2.277,3.414,0.000,7051,0,0.000,290.397,25893804
25893804,1788403439586,440,16,8,445,3,0,3198,1.056,0.661,3.686,5.465,0.001,9613,0,0.000,227.477,25893804
25893805,1788403811581,1134,16,16,1129,3,2,7009,2.772,0.581,8.720,12.260,0.001,23102,0,0.000,2690.880,25893836
25893806,1788403811932,231,16,29,216,2,0,2597,0.732,0.180,2.549,3.486,0.001,7725,0,0.000,344.866,25893836
25893807,1788403812169,91,16,6,98,3,0,850,0.350,0.077,3.076,3.510,0.001,2571,0,0.000,232.000,25893836
25893808,1788403812506,146,16,4,152,6,0,1348,0.506,0.099,1.527,2.144,0.001,4066,0,0.000,332.354,25893836
25893809,1788403813323,807,16,29,783,11,0,6520,2.285,0.466,6.732,9.589,0.001,19927,0,0.000,804.589,25893836
25893810,1788403813795,293,16,10,287,11,1,2634,0.865,0.173,2.766,3.835,0.001,7840,0,0.000,465.608,25893836
25893811,1788403814221,162,16,16,161,1,0,1774,0.561,0.133,1.833,2.541,0.001,5294,0,0.000,274.481,25893836
25893812,1788403814921,1359,16,107,1260,8,0,11024,3.748,0.747,10.927,15.709,0.001,34021,0,0.000,681.765,25893836
25893813,1788403815460,373,16,12,366,11,0,3137,1.149,0.240,3.322,4.752,0.001,9370,0,0.000,531.902,25893836
25893814,1788403816581,413,16,24,400,5,0,3340,1.244,0.276,3.604,5.168,0.001,9974,0,0.000,1114.285,25893836
25893815,1788403817108,1766,16,29,1732,20,1,11261,4.394,1.245,13.052,19.027,0.001,36527,0,0.000,504.823,25893836
25893816,1788403817467,897,16,22,878,13,0,6108,2.204,0.487,7.656,10.516,0.001,19429,0,0.000,347.003,25893836
25893817,1788403817765,111,16,3,119,5,0,1001,0.441,0.078,1.289,1.818,0.001,3016,0,0.000,293.471,25893836
25893818,1788403818166,282,16,21,265,12,0,2772,0.870,0.189,2.707,3.790,0.001,8277,0,0.000,395.759,25893836
25893819,1788403818676,1673,16,14,1668,7,0,10366,4.042,0.852,12.405,17.636,0.000,33489,0,0.000,489.615,25893836
25893820,1788403819117,402,16,15,398,5,0,3321,1.123,0.239,3.534,4.938,0.001,9902,0,0.000,433.301,25893836
25893821,1788403819469,286,16,17,283,0,2,2293,0.871,0.174,2.579,3.652,0.001,7096,0,0.000,345.860,25893836
25893822,1788403821791,921,16,86,840,11,0,8307,2.466,0.558,8.053,11.214,0.001,24866,0,0.000,2308.258,25893836
25893823,1788403822066,347,16,11,343,9,0,2751,1.143,0.219,3.024,4.413,0.001,8215,0,0.000,268.272,25893836
25893824,1788403822530,393,16,12,391,6,0,3078,1.219,0.300,3.402,4.959,0.001,9565,0,0.000,457.497,25893836
25893825,1788403822752,124,16,4,132,4,0,1240,0.363,0.283,1.299,1.956,0.001,3689,0,0.000,217.898,25893836
25893826,1788403823355,572,16,31,555,2,0,4444,1.672,0.333,4.954,7.028,0.001,13881,0,0.000,593.833,25893836
25893827,1788403823956,598,16,17,579,16,2,4616,1.757,0.343,4.808,6.986,0.001,14342,0,0.000,591.812,25893836
25893828,1788403824413,220,16,12,216,8,0,2102,0.640,0.270,2.304,3.242,0.001,6316,0,0.000,451.578,25893836
25893829,1788403824656,66,16,2,78,2,0,613,0.295,0.059,4.245,4.604,0.001,1863,0,0.000,236.920,25893836
25893830,1788403824813,114,16,6,120,4,0,1096,0.348,0.219,1.333,1.913,0.001,3314,0,0.000,152.664,25893836
25893831,1788403827041,339,16,89,264,2,0,4423,0.955,0.293,3.635,4.918,0.000,13019,0,0.000,2221.026,25893836
25893832,1788403827594,1199,16,36,1171,8,0,8495,2.782,0.619,9.147,12.711,0.001,26474,0,0.000,537.624,25893836
25893833,1788403828229,467,16,25,450,7,1,3854,1.176,0.370,3.934,5.529,0.001,11517,0,0.000,626.874,25893836
25893834,1788403828541,401,16,6,400,11,0,3199,1.103,0.236,3.419,4.791,0.001,9553,0,0.000,303.817,25893836
25893835,1788403828790,350,16,30,330,6,0,3086,0.955,0.235,3.144,4.373,0.001,9189,0,0.000,242.314,25893836
25893836,1788403829055,279,16,9,275,11,0,2201,0.924,0.191,2.386,3.521,0.001,6616,0,0.000,259.633,25893836
25893837,1788404193297,273,16,16,264,9,0,2338,0.873,0.212,2.504,3.619,0.001,7006,0,0.000,210.110,25893868
25893838,1788404194408,567,16,18,562,3,0,4614,1.546,0.335,4.772,6.763,0.001,13830,0,0.000,1099.627,25893868
25893839,1788404194854,1300,16,8,1299,9,0,8305,3.192,0.649,9.975,14.073,0.000,26818,0,0.000,425.649,25893868
25893840,1788404195237,290,16,13,292,1,0,2399,0.838,0.186,2.682,3.732,0.001,7194,0,0.000,376.372,25893868
25893841,1788404195606,120,16,16,119,1,0,1284,0.363,0.098,1.255,1.726,0.001,3841,0,0.000,251.151,25893868
25893842,1788404196132,958,16,97,869,8,0,8206,2.493,0.582,7.988,11.174,0.001,24964,0,0.000,512.692,25893868
25893843,1788404196468,322,16,20,310,8,0,2720,0.918,0.211,2.915,4.069,0.001,8097,0,0.000,328.905,25893868
25893844,1788404198912,302,16,9,302,7,0,2348,1.007,0.204,2.772,4.014,0.001,7062,0,0.000,2437.994,25893868
25893845,1788404199304,899,16,7,906,2,0,5770,2.145,0.431,6.857,9.530,0.001,18491,0,0.000,381.037,25893868
25893846,1788404199709,446,16,15,445,2,0,3612,1.177,0.265,3.653,5.150,0.001,10891,0,0.000,396.797,25893868
25893847,1788404205118,405,16,10,408,3,0,2907,1.017,0.226,3.300,4.576,0.001,8959,0,0.000,316.370,25893868
25893848,1788404205258,226,16,4,235,3,0,1723,0.756,0.167,2.121,3.089,0.000,5166,0,0.000,134.781,25893868
25893849,1788404205705,876,16,30,855,7,0,6443,2.196,0.524,6.905,9.772,0.001,20198,0,0.000,434.706,25893868
25893850,1788404206027,424,16,23,410,7,0,3579,1.143,0.286,3.643,5.112,0.001,10706,0,0.000,314.022,25893868
25893851,1788404211463,867,16,94,779,10,0,7404,2.375,0.565,7.351,10.418,0.001,22821,0,0.000,349.671,25893868
25893852,1788404211649,221,16,20,214,3,0,1797,0.619,0.194,2.347,3.179,0.001,5406,0,0.000,180.234,25893868
25893853,1788404211942,109,16,9,112,3,1,1181,0.351,0.085,1.439,1.884,0.001,3539,0,0.000,288.244,25893868
25893854,1788404212427,673,16,28,655,6,0,5445,1.840,0.363,5.598,7.884,0.001,16975,0,0.000,475.517,25893868
25893855,1788404213069,874,16,11,873,6,0,5656,2.070,0.420,6.661,9.259,0.001,17964,0,0.000,629.944,25893868
25893856,1788404213498,483,16,20,470,9,0,3989,1.337,0.268,3.951,5.611,0.001,11946,0,0.000,421.286,25893868
25893857,1788404213860,244,16,8,245,7,0,1868,0.882,0.169,2.103,3.171,0.001,5632,0,0.000,356.137,25893868
25893858,1788404214279,1305,16,9,1308,4,0,8075,3.009,0.596,9.413,13.244,0.001,26310,0,0.000,403.777,25893868
25893859,1788404214588,319,16,9,322,4,0,2483,0.824,0.623,3.102,4.574,0.001,7445,0,0.000,301.273,25893868
25893860,1788404214920,185,16,7,187,7,0,1408,0.624,0.154,1.753,2.558,0.001,4229,0,0.000,327.875,25893868
25893861,1788404215334,834,16,121,723,6,0,7658,2.080,0.535,7.203,9.951,0.001,23281,0,0.000,401.997,25893868
25893862,1788404215506,274,16,5,275,10,0,2103,0.916,0.223,2.383,3.543,0.001,6361,0,0.000,165.132,25893868
25893863,1788404215946,811,16,33,785,9,0,6111,1.960,0.421,6.744,9.241,0.001,19263,0,0.000,429.339,25893868
25893864,1788404216280,1188,16,17,1174,13,0,7971,3.317,0.635,9.369,13.558,0.000,25079,0,0.000,317.702,25893868
25893865,1788404216906,477,16,23,461,9,0,3943,1.275,0.309,3.949,5.583,0.001,11756,0,0.000,617.658,25893868
25893866,1788404217167,391,16,22,375,10,0,3192,0.996,0.226,3.250,4.512,0.001,9558,0,0.000,254.348,25893868
25893867,1788404217501,1472,16,21,1459,8,0,9304,3.536,0.691,11.146,15.638,0.001,30147,0,0.000,315.633,25893868
25893868,1788404217829,333,16,12,328,9,0,2720,0.934,0.206,3.090,4.258,0.001,8107,0,0.000,320.157,25893868
25893869,1788404580497,48,16,2,61,1,0,437,0.223,0.056,3.067,3.350,0.001,1344,0,0.000,145.517,25893900
25893870,1788404580890,478,16,25,465,4,0,3985,1.585,0.305,4.250,6.197,0.001,11884,0,0.000,382.726,25893900
25893871,1788404581450,1974,16,110,1874,6,0,14039,4.526,1.018,15.475,21.417,0.001,44458,0,0.000,392.117,25893900
25893872,1788404581986,316,16,12,309,11,0,2604,0.799,0.512,2.822,4.164,0.001,7817,0,0.000,529.245,25893900
25893873,1788404582320,325,16,26,310,5,0,2832,0.851,0.211,2.989,4.081,0.001,8476,0,0.000,327.036,25893900
25893874,1788404582610,928,16,11,926,7,0,6008,2.506,0.471,7.263,10.331,0.001,19303,0,0.000,277.527,25893900
25893875,1788404582933,807,16,24,795,4,0,5285,2.144,0.422,6.334,8.968,0.001,17005,0,0.000,311.907,25893900
25893876,1788404583153,310,16,26,292,8,0,2685,0.978,0.204,2.677,3.891,0.001,7946,0,0.000,213.109,25893900
25893877,1788404583589,713,16,14,711,4,0,4975,1.881,0.379,5.571,7.915,0.001,15584,0,0.000,425.616,25893900
25893878,1788404584978,393,16,17,389,3,0,3184,1.087,0.244,3.494,4.857,0.001,9514,0,0.000,1379.969,25893900
25893879,1788404590474,1575,16,37,1529,25,0,10430,3.615,0.802,11.934,16.640,0.001,33595,0,0.000,388.667,25893900
25893880,1788404590884,326,16,15,314,13,0,2743,0.829,0.239,2.821,3.920,0.001,8215,0,0.000,403.361,25893900
25893881,1788404591219,338,16,22,329,3,0,2983,1.180,0.220,3.015,4.446,0.001,8926,0,0.000,328.261,25893900
25893882,1788404591512,1135,16,14,1128,9,0,7147,3.015,0.565,8.582,12.358,0.000,23216,0,0.000,278.095,25893900
25893883,1788404591781,340,16,19,331,6,0,2803,0.952,0.203,2.929,4.112,0.001,8375,0,0.000,261.802,25893900
25893884,1788404592039,294,16,22,285,3,0,2445,0.968,0.191,2.448,3.643,0.001,7320,0,0.000,252.633,25893900
25893885,1788404592485,1133,16,45,1102,2,0,7809,2.628,0.566,8.845,12.176,0.001,24916,0,0.000,431.428,25893900
25893886,1788404592814,533,16,34,506,9,0,4691,1.454,0.326,4.637,6.469,0.001,13934,0,0.000,320.196,25893900
25893887,1788404593224,728,16,21,718,5,0,5235,1.938,0.444,5.757,8.210,0.001,16499,0,0.000,399.489,25893900
25893888,1788404593505,737,16,13,738,2,0,4979,1.845,0.395,5.583,7.897,0.001,15808,0,0.000,270.686,25893900
25893889,1788404593826,306,16,18,298,6,0,2463,0.841,0.185,2.667,3.721,0.001,7407,0,0.000,314.745,25893900
25893890,1788404594096,260,16,10,257,9,0,2109,0.877,0.186,2.276,3.388,0.001,6312,0,0.000,264.249,25893900
25893891,1788404594546,1345,16,97,1259,5,0,10259,3.233,0.789,10.735,15.003,0.001,32054,0,0.000,432.432,25893900
25893892,1788404595002,318,16,16,314,3,1,2490,1.076,0.213,2.821,4.133,0.001,7466,0,0.000,449.507,25893900
25893893,1788404595363,643,16,11,638,10,0,4228,1.720,0.371,5.016,7.184,0.001,13584,0,0.000,350.993,25893900
25893894,1788404595722,819,16,25,806,4,0,5743,2.118,0.430,6.305,8.951,0.001,18144,0,0.000,348.542,25893900
25893895,1788404603760,250,16,10,255,1,0,1874,0.717,0.152,2.138,3.028,0.001,5638,0,0.000,2962.707,25893900
25893896,1788404604056,391,16,25,376,6,0,3284,1.098,0.249,3.404,4.783,0.001,9855,0,0.000,288.819,25893900
25893897,1788404604449,986,16,25,959,18,0,6777,2.558,0.539,7.723,10.940,0.000,21567,0,0.000,379.939,25893900
25893898,1788404605282,184,16,16,177,7,0,2000,0.750,0.144,2.010,2.921,0.001,5898,0,0.000,828.020,25893900
25893899,1788404605635,965,16,17,958,6,0,6820,2.454,0.544,7.702,10.831,0.001,21388,0,0.000,339.247,25893900
25893900,1788404605961,521,16,9,521,7,0,3635,1.356,0.299,4.325,6.022,0.001,11677,0,0.000,317.631,25893900
25893901,1788404963169,696,16,105,603,4,0,6486,1.673,0.446,6.211,8.409,0.001,19747,0,0.000,252.504,25893932
25893902,1788404963756,625,16,21,609,11,0,4704,1.587,0.367,5.130,7.137,0.001,14336,0,0.000,574.997,25893932
25893903,1788404964064,780,16,18,767,11,0,5679,1.899,0.403,6.170,8.565,0.001,17714,0,0.000,296.591,25893932
25893904,1788404964445,515,16,14,513,4,0,3707,1.617,0.303,4.303,6.279,0.001,11509,0,0.000,372.922,25893932
25893905,1788404964732,195,16,18,187,6,0,1849,0.776,0.133,2.060,2.987,0.001,5567,0,0.000,281.453,25893932
25893906,1788404964955,485,16,3,494,4,0,3117,1.430,0.287,4.029,5.783,0.001,10308,0,0.000,215.495,25893932
25893907,1788404965333,657,16,30,636,7,0,5078,1.705,0.373,5.542,7.693,0.001,15338,0,0.000,367.437,25893932
25893908,1788404965727,637,16,18,628,7,0,4589,1.652,0.345,5.407,7.470,0.001,14199,0,0.000,384.489,25893932
25893909,1788404967506,420,16,17,417,2,0,3428,1.141,0.244,4.074,5.501,0.001,10261,0,0.000,1770.815,25893932
25893910,1788404967816,561,16,13,560,3,1,3904,1.479,0.334,4.785,6.660,0.001,12695,0,0.000,300.889,25893932
25893911,1788404968291,677,16,26,660,7,0,5101,1.873,0.420,5.497,7.868,0.001,15518,0,0.000,463.900,25893932
25893912,1788404968592,366,16,17,351,14,0,3010,1.193,0.242,6.686,8.168,0.001,8969,0,0.000,291.027,25893932
25893913,1788404968880,879,16,10,879,6,0,5784,2.207,0.494,6.948,9.746,0.001,18561,0,0.000,275.331,25893932
25893914,1788404969116,331,16,19,319,9,0,2799,0.905,0.226,3.016,4.176,0.001,8340,0,0.000,228.884,25893932
25893915,1788404969370,769,16,17,758,10,0,5162,2.241,0.459,6.390,9.169,0.001,16550,0,0.000,242.314,25893932
25893916,1788404969698,791,16,34,760,13,0,5629,2.039,0.458,6.530,9.110,0.001,17801,0,0.000,316.543,25893932
25893917,1788404969859,71,16,1,76,10,0,793,0.330,0.078,5.540,5.959,0.000,2365,0,0.000,152.423,25893932
25893918,1788404970492,712,16,18,701,9,0,5143,1.758,0.377,5.855,8.075,0.001,15785,0,0.000,622.016,25893932
25893919,1788404970705,414,16,12,414,4,0,3115,1.237,0.274,3.477,5.029,0.000,9602,0,0.000,205.978,25893932
25893920,1788404971163,919,16,24,907,4,0,6316,2.217,0.459,7.307,10.094,0.001,20114,0,0.000,445.280,25893932
25893921,1788404971452,338,16,85,265,4,0,4164,1.156,0.280,3.723,5.193,0.000,12441,0,0.000,281.189,25893932
25893922,1788404972053,1133,16,23,1113,13,0,8044,2.795,0.585,9.073,12.653,0.001,24883,0,0.000,586.012,25893932
25893923,1788404972356,395,16,20,380,11,0,3360,1.350,0.238,3.291,4.908,0.001,9966,0,0.000,295.084,25893932
25893924,1788404972761,711,16,16,706,5,0,5009,1.809,0.388,5.955,8.229,0.001,15776,0,0.000,395.352,25893932
25893925,1788404973057,553,16,19,545,5,0,4017,1.436,0.309,4.558,6.365,0.001,12576,0,0.000,286.504,25893932
25893926,1788404973734,494,16,23,480,7,0,3750,1.282,0.280,4.419,6.022,0.001,11610,0,0.000,668.788,25893932
25893927,1788404974048,571,16,22,560,5,0,4088,1.611,0.330,4.754,6.767,0.001,12830,0,0.000,304.968,25893932
25893928,1788404974312,280,16,14,278,4,0,2183,0.839,0.177,2.639,3.677,0.001,6572,0,0.000,257.398,25893932
25893929,1788404974571,732,16,27,714,7,0,5377,2.144,0.400,6.092,8.705,0.001,16785,0,0.000,248.119,25893932
25893930,1788404974867,558,16,10,559,5,0,4101,1.531,0.323,4.823,6.741,0.001,12456,0,0.000,286.432,25893932
25893931,1788404975228,877,16,124,766,3,0,7567,2.439,0.507,7.280,10.305,0.001,23006,0,0.000,246.816,25893932
25893932,1788404975477,806,16,14,799,9,0,5452,2.067,0.478,6.487,9.136,0.001,17330,0,0.000,237.080,25893932
25893933,1788405350814,426,16,9,425,8,0,3280,1.121,0.253,3.652,5.069,0.001,9918,0,0.000,308.609,25893964
25893934,1788405351161,340,16,9,344,3,0,2612,1.175,0.206,2.821,4.234,0.001,7947,0,0.000,340.711,25893964
25893935,1788405351510,867,16,15,865,3,0,5642,2.137,0.444,6.851,9.529,0.001,18176,0,0.000,336.211,25893964
25893936,1788405351682,284,16,19,274,7,0,2339,0.804,0.191,2.565,3.580,0.001,7026,0,0.000,166.432,25893964
25893937,1788405351975,88,16,6,89,9,0,906,0.374,0.091,1.232,1.710,0.001,2727,0,0.000,289.271,25893964
25893938,1788405352414,508,16,17,499,8,0,3993,1.439,0.291,4.516,6.317,0.001,11941,0,0.000,429.875,25893964
25893939,1788405352619,210,16,12,211,3,0,1672,0.755,0.147,2.092,3.044,0.001,5010,0,0.000,199.832,25893964
25893940,1788405352967,765,16,16,764,1,0,5340,2.104,0.405,6.281,8.891,0.001,17173,0,0.000,336.763,25893964
25893941,1788405353752,686,16,113,579,10,0,6983,1.887,0.486,7.709,10.167,0.001,20508,0,0.000,771.893,25893964
25893942,1788405353969,231,16,12,232,3,0,1858,0.822,0.179,2.198,3.241,0.001,5547,0,0.000,211.334,25893964
25893943,1788405354452,1611,16,28,1588,11,0,10764,4.117,0.798,12.584,17.811,0.001,34474,0,0.000,462.744,25893964
25893944,1788405354725,285,16,13,286,2,0,2296,0.807,0.171,2.752,3.756,0.001,6891,0,0.000,265.554,25893964
25893945,1788405355076,434,16,24,423,3,0,3560,1.443,0.321,4.142,5.943,0.001,10790,0,0.000,342.781,25893964
25893946,1788405355436,671,16,31,653,3,0,5033,1.819,0.383,5.685,7.975,0.001,15676,0,0.000,349.139,25893964
25893947,1788405355820,578,16,12,568,14,0,4219,1.487,0.331,4.650,6.525,0.001,13127,0,0.000,374.818,25893964
25893948,1788405356105,261,16,9,264,4,0,2086,0.919,0.194,2.489,3.644,0.001,6287,0,0.000,279.449,25893964
25893949,1788405356659,786,16,10,785,7,0,5503,2.030,0.437,6.724,9.303,0.001,17303,0,0.000,541.902,25893964
25893950,1788405356908,565,16,10,570,1,0,3979,1.510,0.307,4.693,6.568,0.001,12407,0,0.000,240.260,25893964
25893951,1788405357576,752,16,96,667,5,0,7123,2.003,0.447,6.626,9.174,0.001,21317,0,0.000,656.253,25893964
25893952,1788405357946,744,16,19,732,9,0,5263,1.960,0.395,5.858,8.286,0.001,16528,0,0.000,358.455,25893964
25893953,1788405358303,517,16,38,485,10,0,4575,1.406,0.322,5.009,6.780,0.001,13628,0,0.000,348.202,25893964
25893954,1788405358596,345,16,17,341,3,0,2816,1.165,0.217,3.290,4.708,0.001,8376,0,0.000,285.602,25893964
25893955,1788405358941,882,16,37,855,6,0,6190,2.179,0.458,7.250,9.982,0.001,19645,0,0.000,332.041,25893964
25893956,1788405359258,139,16,27,127,1,0,1660,0.576,0.145,1.624,2.364,0.001,4934,0,0.000,312.761,25893964
25893957,1788405359655,959,16,23,943,9,0,6707,2.411,0.502,7.870,10.915,0.001,20998,0,0.000,382.949,25893964
25893958,1788405359940,412,16,20,400,8,0,3619,1.119,0.256,3.684,5.098,0.001,10831,0,0.000,277.587,25893964
25893959,1788405360378,1202,16,23,1186,9,0,8028,3.096,0.641,9.581,13.482,0.001,25690,0,0.000,421.838,25893964
25893960,1788405361161,484,16,103,394,3,0,5717,1.313,0.370,5.098,6.825,0.001,16895,0,0.000,772.823,25893964
25893961,1788405361528,319,16,21,312,2,0,2850,1.100,0.212,2.935,4.275,0.001,8528,0,0.000,230.601,25893964
25893962,1788405362002,1244,16,26,1231,3,0,8205,2.912,0.608,9.502,13.193,0.001,26331,0,0.000,457.971,25893964
25893963,1788405362317,476,16,18,469,5,0,3752,1.286,0.267,4.165,5.757,0.001,11260,0,0.000,306.677,25893964
25893964,1788405362609,526,16,15,523,4,0,3958,1.659,0.301,4.377,6.393,0.000,12187,0,0.000,282.970,25893964
25893965,1788405731810,845,16,12,837,12,0,5660,2.152,0.461,6.650,9.336,0.001,18146,0,0.000,271.286,25893996
25893966,1788405732311,452,16,23,441,4,0,3572,1.280,0.275,3.879,5.472,0.001,10941,0,0.000,492.223,25893996
25893967,1788405732750,657,16,22,635,16,0,4901,1.700,0.376,5.499,7.643,0.001,15229,0,0.000,429.174,25893996
25893968,1788405733023,586,16,14,580,8,0,4142,1.466,0.314,4.684,6.515,0.001,13025,0,0.000,264.084,25893996
25893969,1788405733659,559,16,11,553,11,0,3938,1.454,0.397,4.520,6.417,0.001,12354,0,0.000,626.673,25893996
25893970,1788405733948,288,16,9,291,4,0,2255,0.840,0.183,2.737,3.788,0.001,6727,0,0.000,282.626,25893996
25893971,1788405734276,447,16,89,370,4,0,4914,1.213,0.298,4.150,5.702,0.001,14714,0,0.000,320.623,25893996
25893972,1788405734649,975,16,13,968,10,0,6359,2.475,0.498,7.690,10.773,0.001,20213,0,0.000,359.346,25893996
25893973,1788405734975,369,16,11,366,8,0,2949,1.002,0.219,3.205,4.451,0.001,8807,0,0.000,318.726,25893996
25893974,1788405735168,272,16,7,279,2,0,2090,0.849,0.170,2.449,3.489,0.001,6296,0,0.000,187.873,25893996
25893975,1788405735442,986,16,18,982,2,0,6565,2.480,0.505,7.849,10.975,0.001,21065,0,0.000,260.056,25893996
25893976,1788405735753,423,16,26,409,4,0,3544,1.117,0.239,3.765,5.168,0.000,10548,0,0.000,303.040,25893996
25893977,1788405736074,633,16,42,596,11,0,4917,1.616,0.364,5.096,7.124,0.001,15067,0,0.000,311.626,25893996
25893978,1788405736409,444,16,13,433,14,0,3510,1.233,0.328,4.006,5.611,0.001,10645,0,0.000,326.896,25893996
25893979,1788405736776,665,16,12,663,6,0,4747,1.640,0.464,5.339,7.513,0.001,14756,0,0.000,357.767,25893996
25893980,1788405737042,300,16,7,303,6,0,2431,0.921,0.205,2.791,3.952,0.001,7297,0,0.000,259.460,25893996
25893981,1788405737490,1196,16,89,1119,4,0,9528,2.952,0.672,10.045,13.944,0.001,29516,0,0.000,431.743,25893996
25893982,1788405737771,521,16,19,511,7,0,4036,1.410,0.326,4.498,6.280,0.001,12340,0,0.000,272.034,25893996
25893983,1788405738097,584,16,12,579,9,0,4259,1.554,0.319,4.608,6.530,0.001,13145,0,0.000,316.689,25893996
25893984,1788405738425,675,16,17,670,4,0,4605,1.732,0.380,5.715,7.911,0.001,14658,0,0.000,317.656,25893996
25893985,1788405738950,799,16,17,796,2,0,5531,2.065,0.438,6.630,9.194,0.000,17496,0,0.000,512.865,25893996
25893986,1788405739195,332,16,23,317,8,0,3003,0.991,0.274,3.252,4.563,0.001,8952,0,0.000,237.417,25893996
25893987,1788405739470,635,16,15,633,3,0,4357,1.787,0.346,4.863,7.060,0.001,13778,0,0.000,265.421,25893996
25893988,1788405739789,476,16,15,469,8,0,3512,1.428,0.283,3.941,5.690,0.001,10912,0,0.000,310.175,25893996
25893989,1788405740134,319,16,15,318,2,0,2705,0.982,0.208,2.949,4.171,0.001,8224,0,0.000,338.669,25893996
25893990,1788405740531,814,16,33,789,8,0,5650,2.258,0.432,6.554,9.334,0.001,17742,0,0.000,385.023,25893996
25893991,1788405740926,741,16,97,651,9,0,6433,1.826,0.555,6.256,8.710,0.001,19741,0,0.000,258.845,25893996
25893992,1788405741225,482,16,15,475,8,0,3625,1.322,0.289,4.182,5.834,0.001,11147,0,0.000,291.228,25893996
25893993,1788405741492,833,16,25,822,2,0,5628,2.365,0.462,6.668,9.575,0.001,17880,0,0.000,254.977,25893996
25893994,1788405741778,493,16,20,484,5,0,3761,1.319,0.316,4.134,5.805,0.001,11462,0,0.000,277.759,25893996
25893995,1788405742049,408,16,11,408,5,0,2982,1.098,0.316,3.339,4.797,0.001,9225,0,0.000,263.268,25893996
25893996,1788405742324,732,16,23,723,2,0,5177,1.788,0.407,6.063,8.355,0.001,16283,0,0.000,264.765,25893996
25893997,1788406118311,348,16,7,344,13,0,2605,0.982,0.216,2.960,4.198,0.001,8013,0,0.000,962.330,25894028
25893998,1788406118706,421,16,8,424,5,0,3118,1.222,0.259,3.475,5.007,0.001,9735,0,0.000,387.907,25894028
25893999,1788406118871,68,16,7,75,2,0,675,0.274,0.063,4.596,4.940,0.000,2015,0,0.000,157.424,25894028
25894000,1788406119054,101,16,15,96,6,0,1088,0.386,0.089,1.170,1.654,0.000,3247,0,0.000,179.708,25894028
25894001,1788406119526,510,16,94,426,6,0,6270,1.456,0.391,5.382,7.317,0.001,18461,0,0.000,462.433,25894028
25894002,1788406119909,270,16,15,265,6,0,2555,1.022,0.171,2.568,3.782,0.001,7579,0,0.000,374.899,25894028
25894003,1788406120270,953,16,11,954,4,0,6204,2.372,0.529,7.425,10.461,0.001,19638,0,0.000,348.015,25894028
25894004,1788406120550,108,16,9,112,3,0,1121,0.435,0.094,1.318,1.856,0.001,3358,0,0.000,274.393,25894028
25894005,1788406120987,890,16,18,884,4,0,6195,2.251,0.501,7.527,10.412,0.000,19307,0,0.000,424.507,25894028
25894006,1788406121351,1105,16,34,1085,2,0,7633,2.660,0.550,9.055,12.469,0.001,24297,0,0.000,349.473,25894028
25894007,1788406121652,429,16,16,419,10,0,3432,1.117,0.251,3.928,5.341,0.001,10408,0,0.000,292.924,25894028
25894008,1788406121914,465,16,20,454,7,0,3512,1.235,0.277,3.833,5.387,0.001,10767,0,0.000,253.693,25894028
25894009,1788406122222,981,16,21,972,4,0,6723,2.435,0.486,7.590,10.618,0.001,21464,0,0.000,295.267,25894028
25894010,1788406122546,490,16,14,491,1,0,3581,1.254,0.264,3.999,5.553,0.001,11105,0,0.000,315.729,25894028
25894011,1788406122812,417,16,29,400,4,0,3372,1.109,0.249,3.457,4.861,0.000,10238,0,0.000,258.628,25894028
25894012,1788406123253,573,16,19,562,8,0,4047,1.477,0.309,4.714,6.539,0.001,12806,0,0.000,432.678,25894028
25894013,1788406123721,314,16,13,307,10,0,2667,0.903,0.206,2.892,4.020,0.001,7937,0,0.000,461.199,25894028
25894014,1788406124011,452,16,18,446,4,0,3459,1.237,0.256,3.768,5.291,0.001,10492,0,0.000,282.571,25894028
25894015,1788406124293,712,16,33,687,8,0,5316,1.767,0.395,5.801,8.008,0.001,16608,0,0.000,271.693,25894028
25894016,1788406124443,320,16,35,292,9,0,2827,0.984,0.211,2.930,4.149,0.001,8476,0,0.000,142.824,25894028
25894017,1788406124967,669,16,25,637,23,0,5258,1.683,0.363,5.656,7.760,0.001,16103,0,0.000,513.823,25894028
25894018,1788406125420,611,16,17,598,12,0,4473,1.593,0.361,5.034,7.056,0.001,13897,0,0.000,444.001,25894028
25894019,1788406125654,530,16,12,526,8,0,3759,1.557,0.297,4.287,6.173,0.001,11770,0,0.000,225.528,25894028
25894020,1788406125915,313,16,16,312,1,0,2676,0.914,0.217,2.818,3.978,0.001,7957,0,0.000,253.816,25894028
25894021,1788406126205,65,16,5,74,2,0,615,0.316,0.060,4.396,4.777,0.001,1878,0,0.000,172.201,25894028
25894022,1788406126588,346,16,27,324,11,0,3451,1.001,0.284,3.512,4.857,0.001,10288,0,0.000,375.994,25894028
25894023,1788406127142,1074,16,90,992,6,2,8679,2.576,0.627,9.046,12.407,0.001,26986,0,0.000,539.207,25894028
25894024,1788406127441,499,16,29,482,4,0,4016,1.307,0.297,4.344,5.991,0.001,12028,0,0.000,290.407,25894028
25894025,1788406127681,940,16,19,932,5,0,6236,2.177,0.867,7.360,10.482,0.001,19935,0,0.000,226.627,25894028
25894026,1788406127892,253,16,8,255,6,0,1965,0.797,0.169,2.294,3.277,0.001,5888,0,0.000,204.868,25894028
25894027,1788406128256,671,16,18,665,4,0,4761,1.778,0.380,5.585,7.823,0.001,14899,0,0.000,353.999,25894028
25894028,1788406128613,411,16,8,414,5,0,3246,1.110,0.248,3.618,5.005,0.001,9855,0,0.000,349.299,25894028
25894029,1788406503089,494,16,6,500,4,0,3396,1.282,0.309,4.080,5.704,0.001,10689,0,0.000,2759.364,25894060
25894030,1788406503380,56,16,3,67,2,0,540,0.187,0.117,3.797,4.104,0.001,1641,0,0.000,284.695,25894060
25894031,1788406504929,866,16,15,865,2,0,5342,2.110,0.456,6.621,9.241,0.001,17775,0,0.000,1536.759,25894060
25894032,1788406507143,671,16,83,599,5,0,6208,1.784,0.389,5.889,8.122,0.001,18386,0,0.000,2203.479,25894060
25894033,1788406510733,324,16,30,305,5,0,3440,0.942,0.232,3.470,4.668,0.001,10159,0,0.000,3582.972,25894060
25894034,1788406512321,210,16,12,210,4,0,2013,0.675,0.157,2.182,3.024,0.001,6004,0,0.000,1582.859,25894060
25894035,1788406517354,1131,16,20,1121,6,0,7920,2.826,0.676,9.071,12.758,0.001,24796,0,0.000,5017.108,25894060
25894036,1788406521606,381,16,19,374,4,0,3248,0.993,0.232,3.424,4.670,0.001,9701,0,0.000,4244.084,25894060
25894037,1788406522779,737,16,15,732,6,0,5044,1.897,0.429,6.011,8.390,0.001,16068,0,0.000,1162.454,25894060
25894038,1788406524177,790,16,45,758,3,0,6100,1.937,0.462,6.667,9.120,0.001,19019,0,0.000,1386.448,25894060
25894039,1788406524576,641,16,29,627,1,0,4801,1.588,0.376,5.329,7.333,0.001,14799,0,0.000,388.452,25894060
25894040,1788406525500,441,16,12,442,3,0,3237,1.167,0.274,3.735,5.198,0.000,9912,0,0.000,916.879,25894060
25894041,1788406527502,1149,16,93,1068,4,0,9310,2.824,0.600,9.414,13.038,0.001,28534,0,0.000,1986.683,25894060
25894042,1788406531738,285,16,13,278,10,0,2402,0.830,0.188,2.666,3.707,0.001,7200,0,0.000,4229.964,25894060
25894043,1788406532811,155,16,11,154,6,0,1553,0.500,0.118,1.640,2.271,0.001,4631,0,0.000,1067.014,25894060
25894044,1788406535787,691,16,17,680,10,0,5379,1.700,0.429,5.869,8.054,0.001,16118,0,0.000,2966.143,25894060
25894045,1788406536509,691,16,30,670,7,0,5229,1.762,0.394,5.784,7.986,0.001,16298,0,0.000,711.547,25894060
25894046,1788406537709,349,16,28,334,3,0,3080,0.996,0.232,3.219,4.471,0.001,9148,0,0.000,1193.279,25894060
25894047,1788406539471,109,16,19,100,5,1,1527,0.394,0.123,1.410,1.937,0.001,4489,0,0.000,1758.187,25894060
25894048,1788406540349,709,16,3,719,3,0,4600,1.837,0.385,5.735,8.044,0.001,15029,0,0.000,867.489,25894060
25894049,1788406550885,756,16,34,733,5,0,5776,1.824,0.402,6.258,8.580,0.000,17493,0,0.000,1292.221,25894060
25894050,1788406553101,856,16,11,856,5,0,5678,2.153,0.458,6.740,9.410,0.001,18116,0,0.000,2204.112,25894060
25894051,1788406554707,804,16,94,724,2,0,7001,1.973,0.458,6.873,9.385,0.000,21249,0,0.000,1296.980,25894060
25894052,1788406555887,530,16,22,516,8,0,4205,1.347,0.320,4.537,6.260,0.001,12850,0,0.000,1170.075,25894060
25894053,1788406557345,431,16,12,427,8,0,3304,1.181,0.264,3.630,5.097,0.001,10089,0,0.000,1450.858,25894060
25894054,1788406557846,552,16,7,560,1,0,3770,1.475,0.328,4.396,6.238,0.001,11880,0,0.000,492.727,25894060
25894055,1788406558314,72,16,4,83,1,0,743,0.314,0.082,4.983,5.383,0.001,2183,0,0.000,460.283,25894060
25894056,1788406559625,966,16,13,969,0,0,6096,2.363,0.485,7.514,10.455,0.001,20039,0,0.000,1299.088,25894060
25894057,1788406560063,584,16,59,537,4,0,5068,1.433,0.344,5.111,6.948,0.000,15187,0,0.000,427.571,25894060
25894058,1788406560863,488,16,15,487,0,2,3277,1.312,0.281,3.809,5.444,0.001,10663,0,0.000,793.037,25894060
25894059,1788406569716,448,16,22,432,10,0,4218,1.437,0.286,4.136,5.914,0.000,12552,0,0.000,1513.413,25894060
25894060,1788406570349,195,16,24,184,3,0,1978,0.575,0.136,2.154,2.879,0.001,5915,0,0.000,627.780,25894060
25894061,1788406881079,1210,16,111,1106,9,0,10098,2.862,0.661,9.960,13.729,0.001,30838,0,0.000,640.454,25894092
25894062,1788406882149,530,16,24,510,12,0,4339,1.382,0.324,4.307,6.057,0.001,13088,0,0.000,1060.589,25894092
25894063,1788406882666,510,16,23,499,4,0,3833,1.275,0.272,4.158,5.755,0.001,11852,0,0.000,509.573,25894092
25894064,1788406883435,886,16,13,878,11,0,6112,2.191,0.498,6.967,9.789,0.001,19297,0,0.000,755.624,25894092
25894065,1788406883618,102,16,12,97,9,0,1338,0.386,0.129,1.277,1.811,0.000,3956,0,0.000,178.874,25894092
25894066,1788406884426,725,16,45,687,9,0,6025,1.804,0.560,6.114,8.565,0.001,17880,0,0.000,797.270,25894092
25894067,1788406885061,1152,16,15,1140,13,0,7810,2.840,0.596,9.001,12.612,0.001,24261,0,0.000,619.570,25894092
25894068,1788406885585,432,16,12,430,6,0,3413,1.186,0.247,3.593,5.072,0.001,10241,0,0.000,515.856,25894092
25894069,1788406886256,770,16,8,767,11,0,5261,1.990,0.438,6.177,8.681,0.001,16786,0,0.000,659.644,25894092
25894070,1788406886684,278,16,16,275,3,0,2258,0.915,0.183,2.523,3.649,0.001,6762,0,0.000,422.070,25894092
25894071,1788406887184,669,16,90,593,2,0,6141,1.673,0.422,6.041,8.222,0.001,18573,0,0.000,489.354,25894092
25894072,1788406889349,264,16,5,272,2,1,1982,0.777,0.225,2.242,3.275,0.001,5953,0,0.000,2160.082,25894092
25894073,1788406889952,420,16,20,410,6,0,3401,1.193,0.251,3.489,4.971,0.001,10281,0,0.000,595.056,25894092
25894074,1788406890459,730,16,11,730,5,0,4914,1.851,0.417,5.755,8.123,0.000,15638,0,0.000,496.964,25894092
25894075,1788406890787,365,16,11,365,5,0,2726,1.121,0.246,2.960,4.357,0.001,8384,0,0.000,321.153,25894092
25894076,1788406891220,543,16,24,532,3,0,4140,1.365,0.308,4.350,6.068,0.001,12691,0,0.000,424.294,25894092
25894077,1788406891679,764,16,31,734,15,0,5793,1.935,0.448,6.256,8.692,0.001,18020,0,0.000,447.503,25894092
25894078,1788406892077,329,16,12,327,6,0,2593,0.885,0.195,2.785,3.884,0.001,7808,0,0.000,392.246,25894092
25894079,1788406892559,650,16,13,647,6,0,4456,1.601,0.371,5.343,7.360,0.001,14058,0,0.000,471.984,25894092
25894080,1788406892976,626,16,13,622,7,0,4472,1.577,0.358,4.989,6.964,0.001,14088,0,0.000,407.451,25894092
25894081,1788406893589,831,16,95,749,3,0,6927,2.182,0.533,6.932,9.717,0.001,21394,0,0.000,440.895,25894092
25894082,1788406894000,559,16,12,560,3,0,4127,1.402,0.305,4.634,6.382,0.001,12745,0,0.000,402.234,25894092
25894083,1788406894421,325,16,18,313,10,0,3013,0.899,0.212,3.009,4.148,0.001,9021,0,0.000,414.774,25894092
25894084,1788406895163,1224,16,17,1218,5,0,8385,3.124,0.595,9.511,13.384,0.001,25952,0,0.000,726.303,25894092
25894085,1788406895589,637,16,16,633,4,0,4695,1.598,0.335,5.215,7.234,0.001,14323,0,0.000,415.833,25894092
25894086,1788406896465,350,16,24,335,7,0,3184,0.978,0.237,3.322,4.565,0.000,9741,0,0.000,868.708,25894092
25894087,1788406896765,190,16,4,196,6,0,1727,0.591,0.149,1.966,2.720,0.001,5212,0,0.000,295.016,25894092
25894088,1788406897621,1223,16,28,1203,8,0,8484,3.004,0.691,9.716,13.601,0.001,26571,0,0.000,840.378,25894092
25894089,1788406899607,321,16,15,318,4,0,2782,0.923,0.218,3.178,4.341,0.001,8307,0,0.000,1978.811,25894092
25894090,1788406899875,351,16,10,355,2,0,2759,1.109,0.222,2.998,4.357,0.001,8420,0,0.000,260.823,25894092
25894091,1788406900340,835,16,92,755,4,0,7244,2.094,0.496,7.337,9.998,0.001,22215,0,0.000,452.959,25894092
25894092,1788406900662,396,16,22,385,5,0,3264,1.005,0.310,3.373,4.718,0.001,9923,0,0.000,314.665,25894092
25894093,1788407275317,187,16,12,183,8,0,1957,0.560,0.134,2.111,2.819,0.001,5821,56,34053.193,256.624,25894124
25894094,1788407276290,1247,16,15,1244,4,0,7888,2.935,0.595,9.045,12.850,0.000,25311,1,609.105,957.583,25894124
25894095,1788407277491,364,16,19,356,5,0,3108,1.018,0.232,3.301,4.609,0.000,9290,1,608.566,1192.592,25894124
25894096,1788407278016,444,16,17,435,8,0,3561,1.206,0.278,3.790,5.339,0.001,10918,0,0.000,516.850,25894124
25894097,1788407278712,584,16,21,566,13,0,4403,1.514,0.355,4.766,6.746,0.000,13666,1,609.138,685.378,25894124
25894098,1788407279170,543,16,13,540,6,0,3813,1.356,0.282,4.326,6.050,0.001,11903,0,0.000,448.841,25894124
25894099,1788407279926,352,16,19,341,8,0,2880,0.994,0.224,3.047,4.325,0.000,8728,1,608.931,748.721,25894124
25894100,1788407280197,912,16,88,837,3,0,7250,2.423,0.559,7.382,10.529,0.001,22367,0,0.000,258.001,25894124
25894101,1788407281137,541,16,27,522,8,0,4366,1.382,0.295,4.757,6.533,0.000,13282,1,609.189,930.502,25894124
25894102,1788407283561,623,16,43,593,3,0,5046,1.605,0.353,4.988,7.069,0.000,15351,2,1216.760,2413.583,25894124
25894103,1788407284769,386,16,16,384,2,0,3189,1.059,0.243,3.387,4.758,0.000,9551,1,608.359,1201.296,25894124
25894104,1788407285249,944,16,18,937,5,0,6296,2.405,0.499,7.521,10.593,0.001,20185,0,0.000,466.012,25894124
25894105,1788407285980,199,16,7,207,1,0,1454,0.699,0.147,1.997,2.886,0.000,4401,1,609.861,725.586,25894124
25894106,1788407287195,268,16,22,255,7,0,2677,0.762,0.180,2.651,3.659,0.000,7936,1,608.057,1208.844,25894124
25894107,1788407288494,224,16,6,225,9,0,2028,0.685,0.144,2.086,2.933,0.001,6082,1,608.435,1293.790,25894124
25894108,1788407289631,1047,16,13,1047,3,0,6760,2.513,0.525,8.015,11.298,0.000,21609,1,607.828,1122.600,25894124
25894109,1788407290119,401,16,33,380,4,0,3401,1.066,0.226,3.378,4.733,0.001,10226,0,0.000,480.896,25894124
25894110,1788407291142,655,16,17,646,8,0,4655,1.649,0.377,5.756,7.908,0.001,14554,1,608.936,1012.035,25894124
25894111,1788407292071,1006,16,84,933,5,0,7884,2.407,0.560,8.082,11.286,0.000,24538,1,608.062,796.213,25894124
25894112,1788407293266,537,16,21,524,8,0,3822,1.502,0.331,5.032,6.962,471.449,11987,1,609.858,712.430,25894124
25894113,1788407293802,349,16,12,345,8,0,2781,0.930,0.208,3.083,4.265,0.001,8331,0,0.000,529.950,25894124
25894114,1788407294507,940,16,27,923,6,0,6399,2.588,0.540,7.114,10.413,0.001,20297,1,608.619,691.821,25894124
25894115,1788407294957,451,16,28,429,10,0,3739,1.186,0.270,3.936,5.450,0.001,11270,0,0.000,442.296,25894124
25894116,1788407303015,601,16,18,592,7,0,4528,1.807,0.362,4.954,7.242,0.000,13908,7,4256.593,692.673,25894124
25894117,1788407303310,666,16,8,668,6,0,4502,1.752,0.356,5.297,7.525,0.001,14521,0,0.000,284.468,25894124
25894118,1788407304186,477,16,27,449,17,0,3874,1.463,0.317,4.208,6.076,0.000,11540,1,608.495,867.151,25894124
25894119,1788407304538,178,16,15,172,7,0,1837,0.781,0.127,1.793,2.723,0.001,5503,0,0.000,345.815,25894124
25894120,1788407305447,1138,16,28,1112,14,0,7956,2.857,0.560,8.459,12.114,0.001,24842,1,609.255,893.813,25894124
25894121,1788407306613,608,16,95,526,3,0,6037,1.650,0.493,5.596,7.856,473.614,18108,1,611.311,681.121,25894124
25894122,1788407307841,609,16,16,604,4,1,4222,1.758,0.380,4.788,7.039,0.000,13331,1,607.524,1217.772,25894124
25894123,1788407308212,694,16,21,675,14,0,5457,2.102,0.403,5.898,8.536,0.001,16626,0,0.000,359.505,25894124
25894124,1788407309045,161,16,12,160,5,0,1533,0.489,0.112,1.527,2.144,0.000,4599,1,608.072,828.564,25894124
25894125,1788407648360,957,16,18,949,6,0,6573,2.280,0.473,7.524,10.425,0.001,20608,16,9732.078,415.457,25894156
25894126,1788407648787,610,16,23,599,4,0,4630,1.761,0.365,5.538,7.763,0.001,14132,0,0.000,416.664,25894156
25894127,1788407649150,651,16,24,630,13,0,4886,1.664,0.397,5.466,7.577,0.001,15212,0,0.000,352.931,25894156
25894128,1788407650043,633,16,20,621,8,0,4615,1.589,0.339,5.323,7.300,0.001,14437,0,0.000,882.265,25894156
25894129,1788407650612,336,16,10,340,2,0,2665,1.022,0.200,3.245,4.487,0.001,7958,0,0.000,562.267,25894156
25894130,1788407651178,400,16,13,398,5,0,3238,1.109,0.240,3.434,4.821,0.001,9706,0,0.000,558.661,25894156
25894131,1788407652624,1075,16,104,983,4,0,8795,2.657,0.582,9.350,12.742,0.001,27143,0,0.000,1430.278,25894156
25894132,1788407653062,332,16,9,329,10,0,2830,0.918,0.202,3.044,4.189,0.001,8448,0,0.000,430.533,25894156
25894133,1788407654881,730,16,11,732,3,0,4962,2.071,0.411,5.710,8.241,0.001,15767,0,0.000,1808.491,25894156
25894134,1788407655881,596,16,8,604,0,0,3854,1.737,0.326,4.705,6.822,0.001,12310,0,0.000,990.622,25894156
25894135,1788407656429,369,16,24,354,7,0,3211,1.033,0.236,3.480,4.772,0.001,9558,0,0.000,540.278,25894156
25894136,1788407656975,628,16,12,624,8,0,4221,1.790,0.353,4.992,7.201,0.001,13453,0,0.000,535.974,25894156
25894137,1788407657222,448,16,22,439,3,0,3446,1.370,0.279,3.833,5.539,0.001,10602,0,0.000,239.189,25894156
25894138,1788407657495,902,16,29,881,8,0,6224,2.265,0.473,7.028,9.839,0.001,19882,0,0.000,259.732,25894156
25894139,1788407657821,302,16,11,298,9,0,2483,0.883,0.207,2.783,3.895,0.001,7468,0,0.000,319.885,25894156
25894140,1788407658163,677,16,13,675,5,0,4546,1.776,0.383,5.296,7.514,0.001,14491,0,0.000,332.484,25894156
25894141,1788407658826,573,16,87,498,4,0,5634,1.486,0.364,5.434,7.334,0.001,16665,0,0.000,485.367,25894156
25894142,1788407659304,664,16,12,663,5,0,4899,1.687,0.360,5.540,7.640,0.001,15220,0,0.000,467.666,25894156
25894143,1788407659631,194,16,13,191,6,0,1955,0.620,0.144,2.221,2.996,0.001,5828,0,0.000,320.774,25894156
25894144,1788407660073,848,16,18,837,9,0,6015,2.480,0.456,6.790,9.803,0.001,18553,0,0.000,429.501,25894156
25894145,1788407660422,185,16,6,190,5,0,1779,0.790,0.135,2.051,2.988,0.001,5315,0,0.000,344.006,25894156
25894146,1788407660637,137,16,21,128,4,0,1448,0.433,0.115,1.521,2.082,0.001,4313,0,0.000,210.711,25894156
25894147,1788407661444,281,16,14,272,11,0,2789,1.325,0.190,2.954,4.506,0.001,8295,0,0.000,800.052,25894156
25894148,1788407662028,1106,16,16,1101,5,0,7083,2.749,0.534,9.205,12.624,0.001,22729,0,0.000,569.293,25894156
25894149,1788407662274,238,16,13,233,8,0,2097,0.713,0.158,2.417,3.318,0.001,6263,0,0.000,239.753,25894156
25894150,1788407662676,222,16,15,218,5,0,2115,0.695,0.142,2.180,3.037,0.001,6304,0,0.000,397.087,25894156
25894151,1788407662849,281,16,71,220,6,0,3422,0.904,0.230,2.944,4.120,0.001,10171,0,0.000,166.952,25894156
25894152,1788407663471,1303,16,26,1284,9,0,8762,3.383,0.625,10.007,14.226,0.001,27605,0,0.000,605.420,25894156
25894153,1788407663995,467,16,16,463,4,0,3745,1.486,0.279,3.931,5.725,0.001,11205,0,0.000,515.410,25894156
25894154,1788407665593,655,16,11,655,5,0,4449,1.631,0.355,5.330,7.369,0.001,14166,0,0.000,1587.597,25894156
25894155,1788407665890,841,16,17,836,4,0,5738,2.100,0.487,6.503,9.149,0.001,18321,0,0.000,286.164,25894156
25894156,1788407666316,480,16,31,461,4,0,3806,1.515,0.288,3.979,5.820,0.001,11623,0,0.000,417.376,25894156
25894157,1788408035216,640,16,21,621,14,0,4529,1.641,0.386,5.168,7.287,0.001,14269,0,0.000,273.315,25894188
25894158,1788408035683,518,16,13,518,3,0,3667,1.436,0.293,3.949,5.745,0.001,11497,0,0.000,456.093,25894188
25894159,1788408036833,267,16,5,276,2,0,2070,0.782,0.168,2.393,3.361,0.001,6209,0,0.000,1143.429,25894188
25894160,1788408037565,836,16,18,825,9,0,5676,2.053,0.437,6.600,9.205,0.001,17915,0,0.000,720.424,25894188
25894161,1788408037899,617,16,72,556,5,0,5814,1.778,0.408,5.490,7.760,0.001,17393,0,0.000,324.103,25894188
25894162,1788408039240,301,16,19,291,7,0,2402,0.902,0.243,2.606,3.772,0.001,7207,0,0.000,1333.717,25894188
25894163,1788408040277,466,16,22,451,9,0,3908,1.204,0.269,4.125,5.643,0.001,11685,0,0.000,1029.398,25894188
25894164,1788408041214,418,16,19,406,9,0,3578,1.370,0.261,3.617,5.275,0.001,10688,0,0.000,928.524,25894188
25894165,1788408041420,240,16,10,242,4,0,1863,0.725,0.160,2.134,3.047,0.001,5584,0,0.000,201.090,25894188
25894166,1788408042110,542,16,27,520,11,0,4402,1.668,0.322,4.494,6.527,0.001,13333,0,0.000,680.810,25894188
25894167,1788408042528,701,16,18,686,13,0,5317,1.748,0.379,5.733,7.924,0.001,16465,0,0.000,406.838,25894188
25894168,1788408042829,414,16,16,401,13,0,3365,1.317,0.261,3.490,5.100,0.001,10045,0,0.000,293.573,25894188
25894169,1788408043262,1027,16,27,1015,1,0,7047,2.512,0.527,7.864,11.045,0.001,22421,0,0.000,418.871,25894188
25894170,1788408043784,674,16,17,651,22,0,4826,1.961,0.383,5.253,7.676,0.000,15230,0,0.000,511.661,25894188
25894171,1788408044448,785,16,96,702,3,0,6854,2.013,0.455,6.455,8.991,0.001,21042,0,0.000,509.206,25894188
25894172,1788408044949,536,16,15,526,11,0,3853,1.430,0.284,4.263,6.012,0.001,11979,0,0.000,492.003,25894188
25894173,1788408045206,355,16,19,349,3,0,2877,1.147,0.228,2.963,4.361,0.001,8639,0,0.000,250.146,25894188
25894174,1788408045740,415,16,16,412,3,0,2924,1.239,0.290,3.319,4.884,0.001,9423,0,0.000,527.365,25894188
25894175,1788408045959,321,16,11,323,3,0,2269,0.932,0.196,2.672,3.840,0.001,6827,0,0.000,213.313,25894188
25894176,1788408046487,472,16,24,459,5,0,4164,1.318,0.294,4.334,5.987,0.001,12604,0,0.000,519.512,25894188
25894177,1788408046660,280,16,2,288,6,0,1772,0.875,0.171,2.381,3.456,0.003,5368,0,0.000,166.977,25894188
25894178,1788408047535,906,16,19,896,7,0,6230,2.331,0.508,7.065,10.002,0.001,19729,0,0.000,862.388,25894188
25894179,1788408047929,325,16,17,320,4,0,2687,1.038,0.208,2.834,4.102,0.001,8013,0,0.000,387.637,25894188
25894180,1788408048479,1172,16,20,1162,6,0,7398,2.749,0.539,8.924,12.375,0.001,24095,0,0.000,535.599,25894188
25894181,1788408048995,655,16,82,584,5,0,5985,1.652,0.377,5.595,7.671,0.001,18043,0,0.000,504.869,25894188
25894182,1788408049284,427,16,9,429,5,0,3020,1.323,0.270,3.676,5.309,0.001,9448,0,0.000,280.956,25894188
25894183,1788408049556,604,16,15,600,5,0,4237,1.726,0.369,4.764,6.928,0.001,13222,0,0.000,262.855,25894188
25894184,1788408051139,520,16,38,495,3,0,4374,1.579,0.325,4.359,6.307,0.001,13216,0,0.000,1573.716,25894188
25894185,1788408052268,798,16,24,778,12,0,5870,1.952,0.424,6.476,8.906,0.001,18245,0,0.000,1117.414,25894188
25894186,1788408052691,496,16,16,483,13,0,3706,1.327,0.292,3.925,5.571,0.001,11504,0,0.000,415.140,25894188
25894187,1788408053073,579,16,16,577,2,0,3964,1.635,0.361,4.469,6.513,0.001,12457,0,0.000,372.985,25894188
25894188,1788408053400,493,16,31,465,13,0,4035,1.562,0.303,4.125,6.029,0.001,12401,0,0.000,318.811,25894188
